0;Amber
1;Double Bag
2;Long Trail Ale
3;Doppelsticke
4;Sleigh'r Dark Doüble Alt Ale
5;Sticke
6;Okto Festival Ale
7;Southampton Altbier
8;Copper
9;Organic Münster Alt
10;Altbier
11;Gerst Amber
12;Ad Astra Ale
13;Copperhead Ale
14;Ten Years Alt
15;Three Blind Mice
16;Ishmael
17;Headwall Alt
18;Alt-eration Ale
19;Schell's Schmaltz's Alt
20;Frankenheim Alt
21;Iron Works Alt
22;Diebels Premium Altbier
23;Mission Amber
24;Hövels Original
25;Secret Spot Alt Ale
26;Lighthouse Amber
27;Série Signature Sticke Alt
28;Crooked Coast Altbier
29;Gravel Road
30;Little Red Cap
31;Festivale
32;Moby D
33;Über Alt
34;Füchschen Alt
35;Sticke It To The Man
36;Evan Altmighty
37;ALTerior Motive
38;The Detroit Dwarf
39;Olde School Barleywine
40;Brewer's Reserve Bourbon Barrel Barleywine
41;Old Ruffian
42;Old Horizontal
43;Behemoth
44;Olde GnarlyWine
45;Old Numbskull
46;Flying Mouflan
47;XS Old Crustacean
48;Doggie Claws
49;Helldorado
50;Cockeyed Cooper
51;Solstice D'hiver
52;Anniversary Barley Wine Ale
53;Barleywine Style Ale
54;Lower De Boom Barleywine
55;Killer Penguin Barleywine
56;Great
57;Griffin's BowBoston Beer Company (Samuel Adams)
58;Sisyphus
59;Gratitude
60;Barleywine Ale
61;The Vermonster
62;Smuttynose Barleywine Style Ale (Big Beer Series)
63;John Barleycorn Barleywine Ale
64;Barrel Aged Behemoth
65;Old Ruffian - Barrel-Aged
66;# 100
67;Old Numbskull - Bourbon Barrel-Aged
68;Devil's Milk
69;Big Worse
70;Chicken Killer Barley Wine
71;Olde Bluehair Barley Wine
72;Old Blarney Barleywine
73;Druid Fluid
74;Holidale
75;Old Howling Bastard
76;Old Backus Barleywine
77;§ucaba
78;Insanity
79;Blithering Idiot
80;Mother Of All Storms
81;Old Foghorn
82;Double Double Barrel Ale
83;Mirror Mirror
84;Arctic Devil Barley Wine
85;Horn Dog
86;Bourbon Barrel-Aged Barley Wine
87;J.W. Lees Harvest Ale (Lagavulin Whisky Cask)J.W. Lees & Co (Brewers) Ltd
88;Bligh's Barleywine Ale
89;J.W. Lees Harvest Ale (Calvados Cask)J.W. Lees & Co (Brewers) Ltd
90;J.W. Lees Harvest Ale (Port Cask)J.W. Lees & Co (Brewers) Ltd
91;Ridge Runner
92;J.W. Lees Harvest Ale (Sherry Cask)J.W. Lees & Co (Brewers) Ltd
93;Irish Walker
94;Criminally Bad Elf Barleywine-Style Ale
95;Commander
96;Pugsley's Signature Series: Barley Wine
97;Bommen & Granaten
98;Double Old Thumper Ale
99;Wooden Hell
100;Golden Pride
101;Stormwatcher's Winterfest
102;Old Abominable
103;Fuller's ESB
104;Hobgoblin Ruby
105;Sawtooth
106;Harvest Ale
107;Old Thumper
108;Abbot Ale
109;Anvil
110;Scarlet Lady Ale
111;Lord Rear Admiral
112;Extra Special Ale (ESA)
113;Foster's Premium Ale
114;Belk's ESB
115;ESB
116;Motor Boat
117;ESB Special Ale
118;Autumn Ale
119;Halloween Ale
120;Bishops Finger
121;13 Rebels ESB
122;Beast Bitter
123;Moondog Ale
124;Magnumus Ete Tomahawkus ESB³
125;The Wise ESB
126;Red Rack Ale
127;Christmas Ale
128;Bachelor ESB
129;Bleeding Buckeye Red Ale
130;Extra Special Bitter (ESB)
131;Steel Wheels ESB
132;Batemans XXXB
133;XX Bitch Creek
134;Adnams SSB (Suffolk Special Bitter)
135;Naughty Hildegard ESB
136;Honker's Ale
137;Fuller's London Pride
138;Bluebird Bitter
139;Spitfire Premium Kentish Ale
140;Younger's Special Bitter
141;The Naughty Nurse
142;Ruddles County
143;Foster's Special Bitter
144;Uncle Teddy's Bitter
145;Doom Bar
146;Long Haul Session Ale
147;Best Bitter
148;Old Golden Hen
149;Hopback Summer Lightning
150;Belhaven Best
151;Adnams Southwold Bitter
152;Geary's Winter Ale
153;Brakspear Bitter
154;Goliath
155;McNellie's Pub Ale
156;Ruby Red Ale
157;Op & Top
158;Tetley's Smoothflow
159;Arkell Best Bitter
160;Chester County Bitter
161;Cain's Finest Bitter
162;Bitter
163;Colonel Blides Cask Ale
164;T.E.A. (Traditional English Ale)
165;XB Bluebird Bitter
166;Pitchfork Rebellious Bitter
167;HopHead
168;Old Brewery BitterSamuel Smith Old Brewery (Tadcaster)
169;Little Dog
170;Best Bitter
171;Camerons Strongarm
172;HSB (Horndean Special Bitter)
173;St. Patrick's Best
174;Hooky Bitter
175;West Bank Pub Ale
176;Adnams Bitter
177;DeuS (Brut Des Flandres)
178;Nelson Sauvignon (Nelson Sauvin Brut)
179;Malheur Bière Brut (Brut Reserve)
180;Malheur Brut Noir (Black Chocolate)
181;Krait Prestige
182;Eisenbahn Lust
183;Šamp - Pivní Sekt
184;Eisenbahn Lust Prestige
185;Summer Love
186;Sweet Action
187;Big Wave Golden Ale
188;Twilight Summer Ale
189;Tire Bite Golden Ale
190;Export Ale
191;Fireman's #4
192;India Pale Ale
193;Samurai Ale
194;Bombshell Blonde
195;Farmhouse Summer Ale
196;Single Chair Golden Ale
197;Citra Blonde Summer Brew
198;True Blonde Ale
199;Prairie Path Ale
200;Summer Ale
201;Aud Blonde
202;Gossamer Golden Ale
203;Heavy Seas - Gold Ale
204;Sum'r Summer Ale
205;Summer Honey Ale
206;Ballantine XXX Ale
207;Molson Export
208;Lonely Blonde
209;Summer Blonde Ale
210;Knockout Blonde
211;Blonde Ale
212;Bare Ass Blonde Ale
213;NOLA Blonde AleNew Orleans Lager & Ale Brewing Company (NOLA)
214;Alamo Golden Ale
215;Golden Ale
216;Leffe Blonde
217;Affligem Blond
218;Trappist Westvleteren BlondBrouwerij Westvleteren (Sint-Sixtusabdij van Westvleteren)
219;Devotion
220;Grimbergen Blonde
221;Maredsous 6 - Blonde
222;Saxo
223;La Trappe Blond (Koningshoeven / Dominus)
224;Augustijn Blond
225;Kasteel Blond
226;Blond
227;St. Feuillien Blonde
228;Bink Blond
229;Blond
230;Tongerlo Blond
231;Southside Blonde
232;Belgian Blonde
233;La Binchoise Blonde TraditionBrasserie La Binchoise (Malterie des Remparts)
234;Brunehaut Blonde
235;Steenbrugge Blond
236;Abbaye De Floreffe Blonde
237;La Gauloise Blonde
238;Valeir Blond
239;Celestial Blonde Ale
240;'t Smisje Blond
241;De Koninck Blond
242;Wendelinus Blonde
243;Ename Blond
244;St. Idesbald Blond
245;Abbaye D'Aulne Blonde Des Pères (Sur Lie) 6°
246;Viven Blond
247;Summer Belgian-Style Blonde Ale
248;Pater Lieven Blond
249;Troegenator
250;Spaten Optimator
251;Salvator
252;Korbinian
253;Samichlaus Classic Bier
254;Samuel Adams Double Bock (Imperial Series)Boston Beer Company (Samuel Adams)
255;Andechser Doppelbock Dunkel
256;Perkulator Coffee Dopplebock
257;EKU 28
258;Liberator Doppelbock
259;Smuttynose S'muttonator (Heritage Series)
260;Butthead Doppelbock
261;Autumnal Fire
262;Weltenburger Kloster Asam-Bock
263;Wasatch The Devastator Double Bock
264;St. Victorious
265;Urbock 23°
266;Voodoovator
267;Saxonator Dunkles Doppelbock
268;Doppel-Hirsch
269;Josephs Brau Winter Brew
270;Duck-Rabbator
271;Ettaler Curator Dunkler Doppelbock (US Import Version)
272;Blonde Doppelbock
273;Doppelbock Dunkel
274;Tucher Bajuvator Doppelbock
275;Dark Heathen Triple Bock
276;Winter Bock
277;Deep Water Dopplebock
278;Doppelbock Grande Cuvée Printemps
279;Lobotomy Bock
280;Primátor Double Bock Beer
281;Icelandic DoppelbockEinstök Ölgerð (Einstök Beer Company)
282;Dopple Bock
283;St. Nikolaus Bock Bier - Brewer's Reserve
284;Emancipator Doppelbock
285;Winter-Bock
286;Granitbock
287;Double Vision Doppelbock
288;Fireman's Brew Brunette Beer
289;Schneider Aventinus Eisbock
290;Raspberry Eisbock
291;Winter Wonder Lager
292;Ramstein Winter Wheat Eisbock
293;Granitbock Ice
294;Double Ice Bock
295;Eisbock (Congelator)
296;Schorschbock Ice 13
297;Schorschbock 31%
298;La Félix
299;Schorschbock 57%
300;Eisbock
301;Eis Instigator
302;Black Ice
303;Dead Guy Ale
304;Andygator
305;Mardi Gras Bock
306;Hofbräu Maibock (Urbock)
307;Cabin Fever
308;John John Dead Guy Ale
309;Dundee Pale Bock Lager
310;Maibock
311;Mai-Ur-Bock
312;Samichlaus Bier Helles
313;Blonde Bock
314;Boss Tom's Golden Bock
315;Maibock
316;Narragansett Bock
317;Berkshire Maibock Lager
318;Blonde Double MaiBock
319;Mai Bock
320;Maibock
321;Hacker-Pschorr Hubertus Bock
322;Bucking Bock
323;The Gift (WinterBock Lager)
324;Primátor Maibock
325;Andechser Bergbock Hell
326;Spaten Maibock / Premium Bock
327;Maibock
328;Serie Signature Maibock
329;PENNdemonium
330;Southampton May Bock
331;Früh Bock
332;Bock-Bier
333;Brinkley's Maibock
334;Heller Bock Saphir
335;Gruffmeister 8
336;Ramstein Maibock
337;Dump Truck
338;Samuel Adams Winter LagerBoston Beer Company (Samuel Adams)
339;Shiner Bock
340;Samuel Adams Chocolate BockBoston Beer Company (Samuel Adams)
341;Michelob AmberBock
342;Samuel Adams Cherry Chocolate BockBoston Beer Company (Samuel Adams)
343;Uff-da
344;The Vixen Chocolate Chili BockBoston Beer Company (Samuel Adams)
345;St. Nikolaus Bock Bier
346;Spring Bock
347;Pandora's Bock
348;Genesee Spring Bock
349;Ur-Bock Dunkel
350;La Trappe Bockbier
351;Christmas Bock
352;Noche Buena
353;Schell's Bock
354;Schokolade Bock
355;Saranac Chocolate Lager
356;Brother Benedict's Bock
357;Winterbock
358;Creemore Springs UrBock
359;Mountain Holidays In Vermont
360;Huber Bock Beer
361;Kozlak
362;Nero's 1st Century Double Dark Malt Ale
363;Bokbier
364;Mönchshof Bockbier
365;Battlefield Bock
366;Chouffe-Bok 6666
367;Christoffel Bokbier
368;Aass Bock
369;Stegmaier Brewhouse Bock
370;Bock De Joliette
371;Dreher Bak
372;Schneider Weisse Tap 6 Unser Aventinus
373;Vitus
374;Moonglow Weizenbock
375;Bavarian-Styled Doppel Weizen
376;Erdinger Weissbier Pikantus
377;Ramstein Winter Wheat
378;Schneider Weisse Tap X Mein Nelson Sauvin
379;Primus Weizenbock
380;Der Weisse Bock
381;Plank Bavarian Heller Weizenbock
382;Plank Bavarian Dunkler Weizenbock
383;La Shawinigan Handshake
384;Weizenbock Grande Cuvée
385;Eisenbahn Vigorosa (Weizenbock)
386;Alpen Glow
387;Weiss Principal Imperial Hefe
388;Teufel Bock
389;Face Plant
390;Hopf Weisser Bock
391;Angry Goat
392;Weizenbock
393;Volks Weizenbock
394;Weizen Bock
395;Heineken Tarwebok
396;Weizenbock
397;Yule Tide (2015+)
398;St. Blasius Weizenbock
399;Summer Haze Pale Weizenbock
400;Maximilian
401;Weizenbock
402;Portsmouth Weizenbock
403;DumDuminator
404;Braggot
405;Baklava Braggot
406;Slippery Slope
407;Old Danish Braggot
408;Portsmouth Killer B
409;Biere De Miele
410;Mjød
411;Premium Oak Brackett
412;Hummingbird
413;Braggot
414;White Winter Brackett
415;Honey, I Can Explain
416;Saku Mõdu
417;Spring Braggot
418;Sanctification
419;Wild Devil
420;Defenestration
421;Indian Brown Ale
422;Palo Santo Marron
423;Hazelnut Brown Nectar
424;Moose Drool Brown Ale
425;Old Brown Dog
426;Coffee Bender
427;Wilco Tango Foxtrot
428;Brown Ale
429;Ellie's Brown Ale
430;Bender
431;Sumatra Mountain Brown
432;Koko Brown
433;Pecan Ale
434;Maple Nut Brown Ale
435;Rocky's Revenge Bourbon Brown
436;Brekle's Brown
437;Bellaire Brown Ale
438;George
439;Brown Ale
440;Dos Perros
441;Imperial Nut Brown Ale
442;Peter Brown Tribute Ale
443;Good Humans Ale (Dry Hopped Double Brown Ale)
444;Sweet Josie Brown Ale
445;Bravo 2017
446;Flashback Ale
447;Madtown Nutbrown
448;Over Ale
449;Leffe Brune / Brown
450;Noire De Chambly / Chambly Noire
451;Belgian Freeze Belgian Style Winter Ale
452;Cold Front
453;Grottenbier
454;Rejection
455;La Rullés Cuvée Meilleurs Voeux (Bière De Gaume)
456;Werewolf
457;Tempelier
458;Bink Bruin
459;Biscotti
460;Fullsuit Belgian-Style Brown Ale
461;D’Tango Unchained
462;Winter Koninck
463;Tongerlo 6 Dubbel Bruin
464;Bière De Noël
465;Abbey Ale
466;Leffe De Noël
467;Proletary Ale
468;Black Jack (Bourbon Barrel Aged)
469;La Rullés Brune (Bière De Gaume)
470;La Petite Mort
471;Leffe Rossa
472;North By Northwest Okanogan Black Ale
473;Valeir Donker
474;Blind Ambition
475;Nut Brown AleSamuel Smith Old Brewery (Tadcaster)
476;Maduro Brown Ale
477;Turbodog
478;Southern Pecan
479;Fat Squirrel Ale
480;Cubano-Style Espresso Brown Ale
481;Nut Brown Ale
482;Downtown Brown
483;Winter Ale
484;Georgia Brown
485;Harvest
486;Boffo Brown Ale
487;Oatmeal Raisin Cookie Brown Ale
488;Rugged Trail Nut Brown Ale
489;Black Toad Dark Ale
490;Brown Ale
491;Brewhouse Brown Ale
492;Nut Brown Ale
493;Pig's Ear Brown Ale
494;Chomolungma
495;Nut Brown Ale
496;Woodmaster
497;Bad Penny
498;Euforia
499;Brown Ale
500;Brunette Nut Brown Ale
501;Nut Brown Ale
502;Brown Ale
503;Truck Stop Honey Brown Ale
504;Buster Nut Brown Ale
505;Pullman Nut Brown
506;Nut Brown Ale
507;Heritage Coffee Brown Ale
508;Traditional Ale
509;Ring Neck Braun Ale
510;Bone Shaker Brown
511;Brewer's Brown Ale
512;Geary's Autumn Ale
513;Pub Brown Ale
514;Third Stone Brown
515;Anchor Steam Beer
516;Dorothy's New World Lager
517;Oscura
518;Dampf Loc
519;Steam Engine Lager
520;Village Reserve
521;Hop Common
522;The Citizen
523;Skjálfti
524;Mountain Goat Steam Ale
525;Rio Grande Outlaw LagerSierra Blanca Brewing Company (Rio Grande)
526;Steamy Windows
527;Boston Common
528;Mosquito Beach
529;Red Bird Ale
530;Steamhead
531;1888
532;Urban People's Common Lager
533;Aftershock
534;Westy
535;Theobroma
536;Chipotle Ale
537;Ghost Face Killah
538;5 Vulture
539;Billy's Chilies Beer (Timberline Series)
540;Fatali Four
541;Jalapeño Pepper Ale
542;Hot-Jala-Heim
543;Rio Grande Pancho Verde Chile CervezaSierra Blanca Brewing Company (Rio Grande)
544;Patty's Chile Beer
545;Fire Escape
546;Fuego
547;Spicy Bohemian
548;Chili Pepper Ale
549;Li'L Lucy's Hot Pepper Ale
550;Chili Tripel
551;Green Chile Lager
552;Hot Chocolate
553;Sigda's Green Chili
554;Wildfire Lager
555;Tri-Pepper PilsenerGreat Dane Pub & Brewing Company (Downtown)
556;El Lapino
557;Ring Of Fire
558;Green Chili Beer
559;Chili Beer
560;Spotted Cow
561;Summer Solstice
562;Genesee Cream Ale
563;Wexford Irish Cream Ale
564;Sunlight Cream Ale
565;Golden Ale
566;Little Kings Cream Ale
567;Carolina Blonde
568;Kiwanda Cream Ale
569;Derailed Black Cherry Cream Ale
570;Cream Ale
571;Kentucky Vanilla Barrel Cream Ale
572;Sleeman Cream Ale (64*)
573;Flagship Ale
574;Stillwater Vanilla Cream Ale
575;Killer Whale Cream Ale
576;Wild Night Honey Cream Ale
577;Grazias
578;Henry Weinhard's Blue Boar Ale
579;Fallen Apple
580;Cosmic Cream Ale
581;Canyon Cream Ale
582;Cream Ale
583;Kitsilano Maple Cream Ale
584;Première (Red)
585;Maudite
586;Abbey Ale
587;Westmalle Trappist Dubbel
588;Trappistes Rochefort 6
589;Prior 8
590;Abbey
591;Trappist Westvleteren 8 (VIII)Brouwerij Westvleteren (Sint-Sixtusabdij van Westvleteren)
592;Père Jacques
593;Dubbel Ale
594;Pater 6
595;Corsendonk Pater / Abbey Brown Ale
596;Grimbergen Dubbel
597;La Trappe Dubbel (Koningshoeven / Dominus)
598;Trappist Achel 8° Bruin
599;Lost & Found
600;Abbey Dubbel
601;Bornem Double
602;Affligem Dubbel
603;Abbey Ale
604;Resurrection
605;Brother David's Belgian-style Double Ale
606;Brune
607;St. Feuillien Brune
608;Siamese Twin Ale
609;Benediction
610;Augustijn Donker Brune
611;St. Sebastiaan Dark
612;Brugse Zot Dubbel
613;Ovila Abbey Barrel Aged Dubbel
614;Solitude
615;Big Bison Ale
616;St. Vincent's Dubbel
617;Brother Joseph's Belgian Dubbel
618;Dark Abby
619;St Martin Brune
620;Dominus Vobiscum Double
621;Evil 8° Belgian-Style Dubbel Ale
622;Sterkens Dubbel Ale
623;Natte
624;Green's Endeavour Dubbel Dark Ale
625;Oro De Calabaza
626;Domaine DuPage French Style Country Ale
627;Abbaye De Saint Bon-ChienBFM (Brasserie des Franches-Montagnes)
628;Gift Of The Magi
629;Avant Garde
630;Fuego Del Otono, Autumn Fire
631;Bière De Mars
632;Perdition
633;Bière De Mars
634;Southampton Biere De Mars
635;Jenlain Ambrée
636;La Goudale
637;Castelain Blond Biere De Garde
638;Le Mort Vivant
639;Contemplation Ale
640;Les Bière Des Sans Culottes
641;Jenlain Blonde
642;Saint Landelin La Divine
643;Good Harbor Golden Ale
644;Southampton Biere De Garde
645;Rendezvous
646;St. Amand
647;La Choulette Ambrée
648;Oxtoberfest
649;Ch'ti Blonde
650;La Choulette De Noël
651;Jenlain Bière De Noël
652;French Country Christmas Ale (Biere De Garde)
653;L'Ambrée D'Esquelbecq / Thiriez Amber
654;La Choulette Blonde
655;Bière De Garde
656;Jenlain Bière De Printemps
657;Sah'tea
658;Arctic Circle Ale
659;Lammin Kataja Olut
660;Lammin Sahtia
661;Finlandia Sahti
662;Summer Sahti
663;Malmgård Jouluolut
664;Finlandia Strong Sahti
665;Puhti IV B
666;Hennepin
667;Tank 7
668;Sofie
669;Saison Dupont
670;Saison-Brett
671;Sorachi Ace
672;Arthur
673;Fantôme Saison
674;Pepe Nero Belgian Style Ale
675;Colette
676;Anna
677;Saison Du BUFF
678;Seizoen Bretta
679;Avec Les Bons Voeux
680;Opal
681;Bam Bière
682;Interlude
683;Le Merle
684;Surette Provision Saison
685;Cellar Door
686;Rabbid Rabbit
687;Helios (V Saison)
688;Red Barn Ale
689;Stateside Saison
690;Bam Noire
691;St. Feuillien Saison
692;Carnevale
693;Love Buzz Saison
694;Foret
695;Das Wunderkind!
696;Clara Grisette
697;#9
698;Samuel Adams Cherry WheatBoston Beer Company (Samuel Adams)
699;Raspberry Tart
700;Summer Shandy
701;Rübæus
702;Wisconsin Belgian Red
703;Purple Haze
704;Hell Or High Watermelon Wheat Beer
705;Blushing Monk
706;Éphémère (Apple)
707;Autumn Maple
708;Thumbprint Apple Ale
709;Black & Blue
710;Cerise
711;Strawberry Lager
712;Samuel Adams Cranberry LambicBoston Beer Company (Samuel Adams)
713;Shiner Ruby Redbird
714;Tweason'ale
715;Fort
716;Soft Parade
717;Blue
718;Pyramid Apricot Ale
719;Stiegl Radler (Grapefruit)
720;Tangerine Wheat
721;Cucumber Saison
722;Pumpkinfest
723;Apricot Wheat
724;UFO Raspberry Hefeweizen
725;Son Of A Peach
726;Bumble Berry Honey Blueberry Ale
727;Blackbeary Wheat
728;Raspberry Ale
729;Blueberry Ale
730;Pumpkin Lager
731;Delirium Red
732;Orange Blossom Cream Ale
733;Pugsley's Signature Series: Smashed Blueberry
734;Fraoch Heather Ale
735;Alba Scots Pine Ale
736;Ebulum Elderberry Black Ale
737;Grozet
738;Kelpie Seaweed Ale
739;13th Century Grut Bier
740;Posca Rustica
741;Koyt
742;Bog Water
743;Working For Tips
744;Weekapaug Gruit
745;Blessed Thistle
746;Heather Ale
747;Artemis
748;Two Weeks Notice
749;La Clef Des Champs
750;Gothic Ale
751;Andromeda Heather Ale
752;Reggae Junkie
753;Kirin Tanrei
754;Kinmugi (Rich Malt)
755;Clear Sakura Beer
756;Asahi Honnama Red
757;Kirin Tanrei Green Label
758;Asahi Honnama Aqua Blue
759;Orion Mugi Shokunin
760;Sapporo Draft One
761;Kinshachi Nagoya Red Miso Lager
762;Orion Southern Star
763;Kirin Enjuku
764;Helios Goya Dry
765;Asahi Honnama Gold
766;Kirin Nodogoshi
767;Kirin Shirokirin
768;Jokki (Jug Nama)
769;Asahi Shinnama
770;Kirin Enjuku Kuro
771;Honkaku Karakuchi Mugi
772;Sapporo Mugi To Hopppu (trans. Barley And Hop)
773;Asahi Strong Off
774;Orion Nangoku Monogatari
775;Akiraku
776;Midas Touch
777;Chateau Jiahu
778;Good Juju
779;Juniper Pale Ale
780;Agave Wheat
781;Rosée D'Hibiscus
782;Ta Henket
783;Poor Richard's Tavern Spruce Ale
784;Hitachino Nest Real Ginger Ale
785;Jaw-Jacker
786;Mandarin Nectar
787;El Mole Ocho
788;Applehead
789;Baladin Nora
790;Bison Organic Gingerbread Ale
791;Mexican Chocolate Stout
792;Bison Organic Honey Basil
793;Rude Elf's Reserve
794;Underlig Jul
795;Lemon Tea Ale
796;Ginger Beard
797;Red/White Christmas
798;La MeuleBFM (Brasserie des Franches-Montagnes)
799;Nor'Easter Lager
800;Sculpin
801;60 Minute IPA
802;Torpedo Extra IPA
803;Celebration Fresh Hop IPA
804;A Little Sumpin' Sumpin' Ale
805;Jai Alai IPA
806;Centennial IPA
807;All Day IPA
808;HopDevil
809;Blind Pig
810;Furious
811;Lunch
812;Fresh Squeezed IPA
813;Flower Power India Pale Ale
814;"Smuttynose IPA ""Finest Kind"""
815;ApriHop
816;Harvest Ale
817;Duet
818;Head Hunter
819;Hop Nosh IPA
820;Big Eye
821;IPA
822;Titan IPA
823;Nelson
824;Samuel Adams Latitude 48 IPABoston Beer Company (Samuel Adams)
825;Hop Wallop
826;75 Minute IPA
827;Northern Hemisphere Harvest Wet Hop IPA
828;IPA
829;Hopsecutioner
830;Anchor Liberty Ale
831;Snake Dog
832;Deviant Dale's IPA
833;Brew Free Or Die IPA
834;Crooked Tree IPA
835;IPA
836;Hop Ottin' IPA
837;India Pale Ale (IPA)
838;Raging Bitch
839;A Little Sumpin' Wild
840;Houblon Chouffe Dobbelen IPA Tripel
841;Green Flash Le Freak
842;Chainbreaker White IPA
843;Citra Bitter Monk
844;Hugh Malone
845;Urthel Hop-ItDe Leyerth Brouwerijen (Urthel)
846;Otter Creek Fresh Slice
847;Bedlam
848;Gouden Carolus Hopsinjoor
849;Dernière Volonté
850;The Audacity Of Hops
851;Saranac White IPA
852;Smuttynose Homunculus (Big Beer Series)
853;Triomphe Belgian IPA
854;Hopus
855;HopAnomaly - Reserve Series Aged In French Oak Chardonnay Barrels
856;Simcoe Silly
857;Pan Galactic Gargle Blaster
858;White IPA
859;Hoppy Daze IPA
860;Hop Wrangler
861;Gaspar Ale
862;White Birch Hooksett Ale
863;Aldebaran
864;Back In Black
865;Yakima Glory
866;Snow Day Winter Ale
867;Hoppy Feet
868;Hop In The Dark Cascadian Dark Ale
869;Reserve Special Black Ale
870;Pitch Black IPA
871;Heavy Seas Black Cannon
872;Anger
873;Black Racer
874;Hop Strike Black IPA
875;Toxic Sludge
876;James Black Ale
877;Damien
878;Morimoto Black Obi Soba Ale
879;Widow Maker Black Ale
880;Black Hatter
881;B-Craft Black
882;Hop Noir
883;Black Perle Dark India Pale Ale
884;Bludgeon Yer Eye PA
885;NetherWorld Cascadian Dark Ale
886;Foster
887;IPA
888;Commodore Perry
889;East India Pale Ale
890;Brutal
891;India AleSamuel Smith Old Brewery (Tadcaster)
892;Blackheart
893;Blind Faith
894;Fuggles IPA
895;HopFish IPA
896;Lost Sailor India Pale Ale
897;IPA
898;Sweet Child Of Vine
899;India Pale Ale
900;India Pale Ale
901;Hitachino Nest Japanese Classic Ale
902;Cold Hop British-Style Ale
903;Bad Elf Winter's Ale
904;Naughty 90
905;ImPaled Ale
906;India Pale Ale
907;Kennebunkport IPA
908;Hopnotic India Pale Ale
909;Fuller's India Pale Ale
910;El Guapo Agave IPA
911;Worthington's White Shield
912;Old East India Pale Ale
913;Duke Of Wellington India Pale Ale
914;Deuchars IPA
915;Southampton Burton IPA
916;Greene King IPA
917;Flagship IPA
918;St-Ambroise India Pale Ale
919;Proper Job
920;Dead Elephant
921;Dead Horse IPA
922;Trinity IPA
923;India Pale Ale
924;90 Minute IPA
925;Pliny The Elder
926;Lagunitas Sucks
927;120 Minute IPA
928;West Coast IPA
929;Hop Stoopid
930;Double Jack
931;Burton Baton
932;Double Trouble
933;Hoptimum
934;Dreadnaught IPA
935;Maharaja
936;Maximus
937;Devil Dancer
938;2XIPA
939;Abrasive Ale
940;Hercules Double IPA
941;Perpetual IPA
942;Pure Hoppiness
943;Arctic Panzer Wolf
944;Pliny The Younger
945;Unearthly (Imperial India Pale Ale)
946;A Little Sumpin' Extra! Ale
947;Myrcenary Double IPA
948;Gubna
949;Dorado
950;Double Crooked Tree IPA
951;Lake Erie Monster
952;Green Flash Imperial India Pale Ale
953;Hop Henge
954;Double Sunshine
955;Ruination Double IPA 2.0
956;The Waldos' Special Ale
957;Hop JuJu
958;471 Small Batch IPA
959;Heady Topper
960;Abner
961;Ephraim
962;Fiddlehead IPA
963;Ochakovskiy Kvass
964;Kvas
965;Monastyrskiy Kvas
966;Kvass
967;Khlebny Kray
968;Nicola Traditional
969;Kvas Taras (квас тарас)
970;Duonos Gira Kvass
971;Monastyrskiy Okroshka Kvass (Монастырский Окрошка Квас)
972;Nesher Malt
973;Obolon Kwas Chlebowy
974;Krushka & Bochka Kvass
975;Monastyrskiy Black Currant Kvas
976;Danilo Classic Kvas
977;Danilo Okroshka Kvas
978;Danilo Pohmilny Kvas
979;Malty
980;Smetoniška Gira
981;Brordinskiy Classical Kvass (Бородинский Классический Квас)
982;Drevlyansky Kvass
983;Olimpia Kvas
984;Summertime
985;Reissdorf Kölsch
986;Gaffel Kölsch
987;Fancy Lawnmower
988;Samuel Adams East-West KölschBoston Beer Company (Samuel Adams)
989;Full Circle
990;Santo
991;Calumet Queen
992;Früh Kölsch
993;Sünner Kölsch
994;Clearwater Kölsch
995;Curve Ball Blonde Ale
996;Saranac Kölsch
997;Kölsch
998;Krankshaft Kölsch
999;32°/50° Kölsch
1000;Karnival Kolsch
1001;Endless River
1002;Lug Tread Lagered Ale
1003;Geary's Summer Ale
1004;Lancaster Kölsch
1005;Dundee Kolsch Style Ale
1006;Kölsch 151
1007;HooDoo Kölsch Style Ale
1008;Shiner Kölsch
1009;Gateway Kolsch
1010;Gold Spike Ale
1011;Kolsch 45
1012;Kolsch
1013;Angry Angel
1014;Josephs Brau Summer Brew
1015;Sunbru
1016;Budweiser
1017;Pabst Blue Ribbon (PBR)
1018;Corona Extra
1019;Miller High Life
1020;Red Stripe Jamaican Lager
1021;Rolling Rock Extra Pale
1022;Dos Equis Special Lager
1023;Modelo Especial
1024;Miller Genuine Draft
1025;Labatt Blue
1026;Foster's Lager
1027;Tecate
1028;Landshark Lager
1029;Molson Canadian Lager
1030;Busch Beer
1031;Sol
1032;Natural Ice
1033;Narragansett Lager
1034;Icehouse
1035;Batch 19Coors Brewing Company (Molson-Coors)
1036;Bud Ice
1037;Hamm's
1038;Lone Star Beer
1039;Old Milwaukee Beer
1040;Presidente
1041;Milwaukee's Best
1042;Red Dog
1043;Keystone IceCoors Brewing Company (Molson-Coors)
1044;Old Style
1045;Milwaukee's Best Ice
1046;Genesee Beer
1047;Original
1048;Stroh's
1049;Grain Belt Premium
1050;Carta Blanca
1051;Imperial
1052;National Bohemian Beer
1053;Iron City Beer
1054;Schlitz (Classic 1960's Formula)JOS. Schlitz Brewing Co. (Pabst)
1055;Taj Mahal Premium Lager
1056;Molson Ice
1057;Lionshead Pilsner
1058;Carib Lager
1059;Birra Peroni
1060;Super Bock
1061;Lager
1062;Toasted Lager
1063;Amber
1064;Original Honey Brown Extra Rich Lager (Beer Brewed With Honey)
1065;Riverwest Stein Beer
1066;Vinyl
1067;Barking Squirrel Lager
1068;Redbridge
1069;ZiegenBock Amber
1070;Grain Belt Nordeast
1071;Wisconsin Amber
1072;Rickard's Red
1073;Creemore Springs Premium Lager
1074;Red Oak Amber
1075;Texas Red Amber Lager
1076;Point Classic Amber
1077;Sleeman Honey Brown Lager
1078;Winter Skål
1079;Schell's Dark
1080;Starr Hill Jomo Lager
1081;Colorado Native Amber Lager
1082;Fisherman's Brew
1083;Michelob Honey Lager
1084;Ornery Amber
1085;Pre-Prohibition Style Lager
1086;Trader Jose's Dark Lager
1087;Hudepohl Amber Lager
1088;Cypress Honey Lager
1089;Rochester Red
1090;Ruby Lager
1091;Dundee Irish Red Lager
1092;Muddy Creek Lager
1093;Stegmaier Amber Lager
1094;Mojave Red
1095;Longboard Island Lager
1096;Sapporo Premium Beer
1097;Kirin Ichiban
1098;Lager
1099;Totally Naked
1100;Michelob (Original Lager)
1101;Shiner Kosmos Reserve
1102;Shiner Blonde
1103;Molson Golden
1104;Joe's Premium American Pilsner
1105;Simpler Times Lager
1106;Henry Weinhard's Private Reserve
1107;Supper Club
1108;Mexican Logger
1109;Craft Lager
1110;Orange Blossom Pilsner
1111;Kenzinger
1112;Golden
1113;Alpine Glacier Lager
1114;Sleeman Original Draught
1115;East Coast Lager
1116;Northwoods Lager
1117;Dortmunder Gold
1118;Jinx Proof
1119;DAB Original
1120;Baltika #7 Export
1121;Dog Days Dortmunder Style Lager
1122;33 ExportVBL Tien Giang Limited (Fosters)
1123;Shiner Dortmunder (Spring Ale)
1124;Svyturys Ekstra
1125;Mountain Lager
1126;Labrador Lager
1127;Imperial Dortmunder
1128;Yebisu (Premium)
1129;Shiner Fröst
1130;DAB Export
1131;Flensburger Gold
1132;Golden Export
1133;Dortmunder Local Export Lager
1134;Reutberger Export Hell
1135;Premium Edel (Spezialbier Edel)
1136;God Lager
1137;Alpen Stoff
1138;Mariestads Export
1139;Loose Caboose Lager
1140;Tegernsee Spezial
1141;Mönchshof Landbier
1142;Lunatic Lager
1143;Svyturys Ekstra Draught
1144;Norrlands Guld Export
1145;Hansa Imported Dortmunder
1146;Lager
1147;Hansa Export
1148;Allgäuer Hüttenbier
1149;Barnburner Lager
1150;Aktien Original 1857
1151;Jägerbier Export Hell
1152;1554
1153;Guinness Black Lager
1154;Creamy Dark
1155;Heineken Dark Lager
1156;Baltika #4 Original (Dark)
1157;St. Pauli Girl Special Dark
1158;Fischer Tradition Amber
1159;Death & Taxes
1160;Efes Dark
1161;Beerlao Dark
1162;Black Licorice Lager
1163;Bernard Cerne (Dark)
1164;Alhambra Negra
1165;Kelso Nut Brown Lager
1166;Dark Horse Lager
1167;Žatec Dark Lager
1168;Faxe Amber
1169;Super Bock Stout
1170;Black Lager (Černé Pivo)
1171;DAB Dark Beer
1172;Sagres Cerveja Preta (Dark)
1173;Obolon Oksamytove (Deep Velvet)
1174;U Fleku Dark Lager
1175;Yebisu Black Beer
1176;Staropramen Granat Beer
1177;Honey Brown Lager
1178;Bohemia
1179;Primator Dark Lager
1180;Asahi Dry Black
1181;Dark 266
1182;Heineken Oud Bruin
1183;Stella Artois
1184;Heineken Lager Beer
1185;Harp Lager
1186;Peroni Nastro Azzurro
1187;Grolsch Premium Lager
1188;Carlsberg Beer
1189;Kronenbourg 1664
1190;Birra MorettiBirra Moretti (Heineken)
1191;Singha
1192;St. Pauli Girl
1193;Pure Brewed Organic Lager BeerSamuel Smith Old Brewery (Tadcaster)
1194;Tiger Beer
1195;Zywiec BeerZywiec Breweries PLC (Heineken)
1196;Kingfisher Premium Lager
1197;Estrella Damm
1198;Mythos Hellenic Lager Beer
1199;Irish Style Lager
1200;Efes Pilsener
1201;Quilmes
1202;Steinlager
1203;O.K. BeerBrowar Okocim S.A. (Carlsberg)
1204;Baltika #3 Classic
1205;Oranjeboom Premium Lager
1206;Amstel Lager
1207;Sapporo Reserve
1208;Tennent's Lager
1209;Jupiler
1210;James Boag's Premium Lager
1211;Estrella Damm Daura
1212;Original Organic Lager
1213;Sympathy For The Lager
1214;Tuborg Pilsner Beer (Green / Grøn)
1215;GösserBrauerei Göss (Brau Union)
1216;Hite
1217;Yanjing Beer
1218;Lech PremiumLech Browary Wielkopolski (SABMiller)
1219;Baltika #5 Gold
1220;Faxe Premium
1221;Casablanca Beer
1222;Cinco Estrellas
1223;Hinano
1224;Pilsener
1225;Tuborg Premium Lager (Gold / Guld)
1226;Elephant Beer
1227;Baltika #9 Extra (Strong)
1228;Warka Premium (Strong)
1229;Lion Imperial Premium Malt Pilsner
1230;Reserva 1925
1231;Hevelius Kaper
1232;Lobster Lovers Beer
1233;Okocim MocneBrowar Okocim S.A. (Carlsberg)
1234;Faxe Extra Strong
1235;Christoffel Nobel
1236;Before-After Premium Lager (12% ABV)
1237;Bière Du Démon
1238;Ceres Strong Ale ExportCeres Brewery (Royal Unibrew)
1239;Tennent's Super Strong Lager
1240;Kalnapilis 7.30
1241;Grand 9.5 Beer
1242;Boss Beer
1243;Crest Super Premium Lager
1244;Žaibo
1245;Efes Extra
1246;Tatra MocneZywiec Breweries PLC (Heineken)
1247;Special Brew
1248;Gordon Finest GoldJohn Martin's (John Martin SA)
1249;Arsenalnoye Krepkoye (Strong)
1250;Amsterdam Navigator 8,4
1251;Cruzcampo Gran Reserva
1252;San Miguel Selecta
1253;X-Beer 33
1254;Zhiguly Grande 9,5
1255;Amstel Gold
1256;XO BeerBrasserie des Gabariers (L&L Cognac SA)
1257;Aiko
1258;Moritz Epidor
1259;Slavutich Mitzne
1260;Yarpivo Strong (Krepkoye)
1261;Faxe Royal Strong
1262;Karpackie SuperBrowar Van Pur S.A. (Brau Union Polska)
1263;Gulpener Gladiator Robuust Bier
1264;Primátor 21% Rytírský (Knight's Lager)
1265;Original Helles
1266;Hofbräu Original
1267;Spaten Münchner Hell (München/Premium Lager)
1268;Two Women Lager
1269;Hell Lager
1270;Münchner Hell (Original Munich Lager)
1271;Victory Helles Lager
1272;Löwenbräu Original
1273;Aecht Schlenkerla Helles Lagerbier
1274;Hotter Than Helles Lager
1275;Hacker-Pschorr Münchner Gold
1276;Gorch Fock
1277;Bikini Blonde Lager
1278;Longfin Lager
1279;Gold Lager
1280;Stiegl Goldbräu
1281;Helles Golden Lager
1282;Estrella Galicia Especial
1283;Firestone Lager
1284;Penn Gold
1285;Henninger Premium Lager
1286;Gold Leaf Lager
1287;Lager House Original Golden Helles
1288;Munich-Style Lager
1289;Rahr's Blonde
1290;Blonde Lager
1291;Andechser Spezial Hell
1292;Helles Lager
1293;Hacker-Pschorr Münchner Hell
1294;Hacker-Pschorr Edelhell
1295;Weltenburger Kloster Barock-Hell
1296;1516 Bavarian Lager
1297;Helles Belles
1298;Hummin' Bird
1299;Neuschwansteiner
1300;Ottakringer Helles
1301;Hoponius Union
1302;Kiwi Rising - Double IPL
1303;Fathom IPL
1304;Gulo Gulo I.P.L
1305;India Pale Lager
1306;Caesar Augustus (Lager/IPA Hybrid)
1307;Asahi Super Dry
1308;Sapporo Original Draft Beer
1309;Orion Premium Draft Beer
1310;Kirin Lager
1311;Beerlao Lager
1312;Sapporo Draft Beer
1313;Koshihikari Echigo Beer
1314;Asahi Draft (Jukusen)
1315;Kirin Classic Lager
1316;Asahi Orion
1317;Asahi Dry Premium
1318;Siwo
1319;Sapporo Fuyumonogatari - The Winter's Tale
1320;Organic Beer Shinshu Sansan
1321;Zhujiang Beer
1322;Kirin Bar Beer
1323;Kirin Premium Draft Beer
1324;Kirin Ichiban Maribana
1325;Kirin Brau Meister
1326;Taiwan Beer Draft Beer Only 18 Days
1327;Hapa Beer
1328;Zwickel
1329;Mönchshof Kellerbier
1330;Hacker-Pschorr Munchner Kellerbier (Anno 1417)
1331;Buttenheimer Keller Bier
1332;Creemore Springs Kellerbier
1333;Summer Teeth
1334;Moosbacher Kellerbier
1335;Zeppelin Bier
1336;Beersel Lager
1337;Série Signature Kellerbier
1338;Arcobräu Zwickl Lager
1339;Paracelsus Zwickl
1340;Kubelbier
1341;Fürsten Zwickel
1342;Mönchsambacher Lager
1343;Bud Light
1344;Miller Lite
1345;Bud Light Lime
1346;Michelob Ultra
1347;Sam Adams LightBoston Beer Company (Samuel Adams)
1348;Natural Light
1349;Corona Light
1350;Keystone LightCoors Brewing Company (Molson-Coors)
1351;Bud Light Platinum
1352;Tsingtao Beer
1353;Busch Light
1354;Amstel Light
1355;Budweiser Select
1356;Heineken Premium Light Lager
1357;Michelob Light
1358;Miller High Life Light
1359;Milwaukee's Best Light
1360;Labatt Blue Light
1361;Budweiser Select 55
1362;Michelob Ultra Amber
1363;Michelob Golden Draft Light
1364;Tecate Light
1365;Michelob Ultra Lime & Prickly Pear Cactus
1366;Sankaty Light
1367;Miller Genuine Draft 64
1368;Shiner Light Blonde
1369;Genny Light
1370;I.C. Light
1371;Medalla Light
1372;Old Milwaukee Light
1373;Beck's Premier Light
1374;Kirin Light Beer
1375;Michelob Ultra Fruit Pomegranate Raspberry
1376;Shiner Light
1377;Light
1378;Red Stripe Light
1379;Molson Canadian Light
1380;Beck's Light
1381;Pabst Blue Ribbon Light
1382;Presidente Light
1383;Mickey's
1384;Steel Reserve 211 (High Gravity)
1385;Olde English 800
1386;Colt 45 Malt Liquor
1387;Molson XXX
1388;King Cobra Premium Malt Liquor
1389;Natty Daddy (8%)
1390;Hurricane Malt Liquor
1391;Magnum
1392;St. Ides High Gravity Malt Liquor
1393;Olde English 800 High Gravity
1394;Dog Bite High Gravity Lager
1395;Haywards 5000 Super Premium Beer
1396;Schlitz High Gravity V.S.L Very Smooth LagerJOS. Schlitz Brewing Co. (Pabst)
1397;Labatt Max Ice
1398;Country Club Malt Liquor
1399;Steel Reserve 211 Triple Export
1400;Colt 45 High Gravity Lager
1401;Old Monk 10000
1402;Camo Black Ice
1403;Region Riot
1404;Colt 45 Double Malt Liquor
1405;Crazy Stallion
1406;Camo Silver Ice
1407;Evil Eye
1408;Camo High Gravity Lager
1409;Stack 101 High Gravity Smooth Lager
1410;Molson Brador
1411;Earthquake High Gravity Lager (10%)
1412;Schlitz Red Bull X. L. Xtra Long Malt LiquorJOS. Schlitz Brewing Co. (Pabst)
1413;Axe Head Malt Liquor
1414;Clear Creek Ice
1415;Camo Black Extra
1416;Negra Modelo
1417;Warsteiner Premium Dunkel
1418;Hofbräu Dunkel
1419;Beck's Dark
1420;Harpoon Dark
1421;Spaten Dunkel
1422;Eastside Dark
1423;Penn Dark
1424;Dark Cloud
1425;Weltenburger Kloster Barock Dunkel
1426;Asahi Black (Kuronama)
1427;Flensburger Dunkel
1428;Pious Monk Dunkel
1429;Garten Bräu Munich Dark
1430;König Ludwig Dunkel
1431;Barbarossa Double Dark Lager
1432;Red Tape Lager
1433;Schadenfreude
1434;Ettaler Kloster Dunkel
1435;Holzar-Bier
1436;Dunkel Lager
1437;Winter Lager
1438;Franconia Dunkel
1439;Saranac Lake Effect Lager
1440;Hirter Morchl
1441;Dunkel
1442;Gösser Dark BeerBrauerei Göss (Brau Union)
1443;Organic Pinkus Jubilate
1444;León
1445;Hacker-Pschorr Münchner Dunkel
1446;Saranac Long John Lager
1447;Fearless Youth
1448;Original Münchner Dunkel
1449;Andechser Export Dunkel
1450;Tradition
1451;Negra
1452;Samuel Adams OctoberfestBoston Beer Company (Samuel Adams)
1453;Oktoberfest Märzen
1454;Spaten Oktoberfestbier Ur-Märzen
1455;Oktoberfest
1456;Festbier
1457;Hacker-Pschorr Oktoberfest Märzen
1458;Festbier
1459;Oktoberfest
1460;Hofbräu Oktoberfestbier
1461;The Kaiser
1462;Oktoberfest
1463;Octoberfest Beer
1464;Shiner Märzen-Style Oktoberfest
1465;Staghorn Octoberfest
1466;Hoss Oktoberfest Lager
1467;Dogtoberfest
1468;Oktoberfest
1469;Beck's Oktoberfest
1470;Märzen
1471;Munsterfest
1472;Oaktoberfest
1473;Warsteiner Premium Oktoberfest
1474;Bob's '47 Oktoberfest
1475;Oktoberfest
1476;Oktoberfest Bier (Oktoberfest Wiesn)
1477;Copper Legend Octoberfest
1478;Atom Smasher
1479;Oktoberfest
1480;Oktober Fest
1481;Oktoberfest
1482;OktoberFish
1483;Oktoberfest
1484;Fest Märzen Lager
1485;Schell's Oktoberfest
1486;Oktoberfest
1487;Oktoberfest Lager Beer
1488;Barktoberfest
1489;Dundee Oktoberfest
1490;Oktoberfest
1491;Aecht Schlenkerla Rauchbier Märzen
1492;Aecht Schlenkerla Rauchbier Urbock
1493;Smoke & Dagger
1494;Aecht Schlenkerla Eiche
1495;Aecht Schlenkerla Rauchbier Weizen
1496;Aecht Schlenkerla Fastenbier (Lentbeer)
1497;Rauch Ür Bock
1498;Eisenbahn Rauchbier
1499;Ludwig's Revenge
1500;Göller Rauchbier
1501;Saranac Rauchbier Smoked Lager
1502;Rauchbier
1503;Bonfire Of The Valkyries
1504;Rauchbier
1505;Aecht Schlenkerla Kräusen
1506;Smoky MaryNew Orleans Lager & Ale Brewing Company (NOLA)
1507;Smoke Out
1508;Deep Purple Rauchbier
1509;Smokey The Beer
1510;Rauchbier
1511;Weiherer Rauch
1512;Hallerndorfer Raiterla Rauchbier
1513;Rauchbock
1514;Bamberg Rauchbier
1515;Bishop Bob's Holy Smoke
1516;Samuel Adams Black LagerBoston Beer Company (Samuel Adams)
1517;Schwarzbier
1518;Shiner Bohemian Black Lager
1519;Baba Black Lager
1520;Saranac Black Forest Black Beer
1521;Howl
1522;Black Bavarian
1523;Mönchshof Schwarzbier
1524;Ugly Pug Black Lager
1525;Krušovice Cerne
1526;McSorley's Irish Black Lager
1527;Schwarzbier
1528;Dark Helmet
1529;Krombacher Dark
1530;Einbecker Schwarzbier
1531;S1nist0r Black Ale
1532;Schwarzbier
1533;Black Thunder
1534;BREWtality - Espresso Black Bier
1535;Sustenance Black Beer - Bourbon Barrel-Aged
1536;Sustenance Black Bier
1537;Dark Helmet Imperial Schwarzbier
1538;Zeitgeist
1539;LA-31 Bière Noire
1540;Black Radish Dark Lager
1541;Das Schwarze
1542;Monteith's Black
1543;Miner Mishap
1544;Saranac Black Lager
1545;Herold Bohemian Black Lager
1546;Samuel Adams Boston LagerBoston Beer Company (Samuel Adams)
1547;Eliot Ness
1548;Dos Equis Ambar
1549;Vienna Lager
1550;Vienna Style Lager
1551;Red Lager
1552;Victoria
1553;Schell's FireBrick
1554;Penn Pilsner
1555;Special Amber
1556;Indio
1557;Schild Brau Amber
1558;Big Bark Amber Lager
1559;Saranac Season's Best - Nut Brown Lager
1560;Dynamo Copper Lager
1561;Rusty Chain
1562;The Raven Special Lager
1563;Jenny Lake Lager
1564;1906 Reserva Especial
1565;Pietra (Amber)
1566;Mac Queen's Nessie
1567;Wild Hop Organic Amber LagerGreen Valley Brewing Company (Crooked Creek)
1568;Oktoberfest
1569;Menabrea Ambrata
1570;Ybor Gold Amber Lager
1571;Bohemia Oscura
1572;Saranac Winter Lager
1573;Danish Red Lager
1574;Shiner Bavarian Style Amber
1575;Left Coast Una Mas Amber Lager
1576;Vienna Red Lager
1577;Vienna-Style Amber Lager
1578;Red Stallion
1579;Fat Cat Lager
1580;P.J.W. Copper Lager
1581;Tuborg Classic
1582;Trailhead
1583;Faro
1584;Chapeau Faro Lambic
1585;Girardin Faro 1882
1586;Faro Boon
1587;Faro
1588;Mort Subite Faro
1589;St. Louis Premium Faro
1590;Tilquin Faro
1591;De Cam Faro
1592;Fou' Foune
1593;Framboise
1594;Kriek 100% Lambic
1595;Rosé De Gambrinus
1596;Saint Lamvinus
1597;Lou Pepe - Kriek
1598;Vigneronne
1599;Lou Pepe - Framboise
1600;Kriek
1601;Oude Kriek
1602;Pêche
1603;Hommage
1604;Schaarbeekse Kriek
1605;Mamouche
1606;Blåbær Lambik
1607;Pomme (Apple)
1608;Oud Beersel Oude Kriek Vieille
1609;Framboos
1610;Oude Kriek
1611;Coolship Red
1612;Cassis
1613;Boon Kriek
1614;Boon Oude Kriek Mariage Parfait
1615;Oudbeitje
1616;Boon Framboise
1617;Peach
1618;Blackberry
1619;Strawberry Lambic
1620;Persimmon Lambic
1621;Oud Beersel Framboise
1622;Spontanframboos
1623;Cherry
1624;Mort Subite Kriek
1625;St. Louis Premium Framboise
1626;Coolship Cerise
1627;Experimental Raspberry
1628;Experimental Cassis
1629;Strawberry Lambicus
1630;Framboise Lambicus
1631;Scarenbecca Kriek
1632;Belle Vue Kriek
1633;Chez Monieux
1634;Gueuze 100% Lambic
1635;Oude Geuze
1636;Oude Gueuze Tilquin à L'Ancienne
1637;Duck Duck Gooze
1638;Oude Gueuze
1639;Lou Pepe - Gueuze
1640;Girardin Gueuze 1882 (Black Label)
1641;Boon Oude Geuze Mariage Parfait
1642;St. Louis Gueuze Fond Tradition
1643;Oud Beersel Oude Geuze Vieille
1644;Coolship Resurgam
1645;Oude Geuze Boon
1646;Gueuze Tilquin (Draught Version)
1647;Doesjel
1648;Sour Reserve
1649;Gueuze
1650;Mort Subite Gueuze
1651;Oude Geuze De Cam
1652;Belle Vue Gueuze
1653;De Troch Oude Gueuze
1654;Girardin Gueuze 1882 (White Label)
1655;Brabantiae
1656;Mort Subite Oude Gueuze
1657;Reuss
1658;Chapeau Gueuze Lambic
1659;Iris
1660;Bruocsella (1900) Grand Cru
1661;50 Degrees North-4 Degrees East
1662;Oude Lambiek De Cam
1663;Lambic
1664;Tuverbol
1665;Divina
1666;Lambiek Oud Beersel
1667;Boon Oude Lambic
1668;Lambiek (1 Year Old)
1669;Jonge Lambik
1670;Oude Lambik
1671;Lambik (1 Year Old Unblended)
1672;Vesterbro Spontanale
1673;Lambiek De Cam
1674;Boon Lambiek
1675;Lambik (2 Year Old Unblended)
1676;Jonge Lambiek
1677;Oude Lambik
1678;De Troch Jonge Lambik
1679;Lambik (3 Year Old Unblended)
1680;Mort Subite Blonde Lambic
1681;Oud
1682;Tilquin Jonge Lambic
1683;O'Doul's
1684;O'Doul's Amber
1685;Kaliber
1686;Sharp's
1687;St. Pauli N. A.
1688;Buckler Non-Alcoholic Brew
1689;Erdinger Weissbier Alkoholfrei (Non-Alcoholic)
1690;Nanny State
1691;Beck's Non-Alcoholic
1692;Busch NA
1693;Clausthaler Golden Amber
1694;Drive
1695;Warsteiner Premium Fresh
1696;Old Milwaukee Non Alcoholic
1697;Hefe-Weissbier Alkoholfrei
1698;Baltika #0 Non-Alcoholic
1699;Gerstel Non Alcoholic
1700;ThomasBrau
1701;Schneider Weisse Tap 3 Mein Alkoholfreies
1702;Labatt Blue Non-Alcoholic
1703;Original Alkoholfrei
1704;Haake Beck NA
1705;Krombacher Alkoholfrie
1706;Einbecker Brauherren Non-Alcoholic
1707;Pabst Blue Ribbon Non-Alcoholic
1708;Molson Exel
1709;Alkoholfrei
1710;Malta India
1711;Fentimans Full Bodied Shandy
1712;Weisse Alkoholfrei
1713;Jupiler NA
1714;Genesee NA
1715;Mild Winter
1716;Commercial Suicide
1717;Black CatMoorhouse's Brewery (Burnley) Ltd
1718;Motor City Brewing Ghettoblaster
1719;Mild
1720;Hockley Dark
1721;Dark Ale
1722;Neustadt 10w30
1723;Cains Dark Mild
1724;Solidarity
1725;Tooheys Old
1726;Black Tusk Ale
1727;Floppin' Crappie
1728;Dark Ale
1729;Mild At Heart
1730;Old Gollywobbler Brown Ale
1731;Ale Of Fergus
1732;Community Dark Mild Ale
1733;J. Henry Original Mild Ale
1734;After Dark
1735;Original Sarah Hughes Dark Ruby MildBeacon Hotel (Sarah Hughes Brewery)
1736;Oliver's Dark Horse
1737;Gale's Festival Mild
1738;Nutty Black
1739;D'Artagnan Dark British Ale
1740;Ruby Mild
1741;London Ruby Anglaise
1742;Fat Belly Amber
1743;Ossian
1744;Dead Horse Amber Ale
1745;Mild Ale
1746;Minerva Pale Ale
1747;Hop
1748;Golden Pippin Ale
1749;Owl's Head Light Ale
1750;Blue Label Ale
1751;Next Door AleRohrbach Brewing Company (Brewpub)
1752;Snowdonia Ale (Cwrw Eryri)
1753;Summer Ale
1754;Thwaites Smooth
1755;Thoroughbred Gold
1756;Colón Rubia
1757;Arran Sunset
1758;England's Gold
1759;Spring Mild
1760;Jacob Mac Mild
1761;Finchcocks Original
1762;Curmudgeon
1763;Old Stock Ale
1764;Hibernation Ale
1765;Adam
1766;Fourth Dementia - Bourbon Barrel-Aged
1767;Old Jubilation
1768;Fuller's Vintage Ale
1769;Old Stock Cellar Reserve (Aged In Bourbon Barrels)
1770;Fourth Dementia (4D)
1771;Old Peculier
1772;Adam From The Wood
1773;Ola Dubh Special Reserve 12
1774;Cherry Adam From The Wood
1775;Winter Ale
1776;Christmas Ale
1777;Ola Dubh Special Reserve 16
1778;Autumn Ale
1779;Ola Dubh Special Reserve 18
1780;Olde Suffolk English (Strong Suffolk Vintage) Ale
1781;Ola Dubh Special Reserve 30
1782;Gale's Prize Old Ale
1783;Winter Warmer
1784;Hibernation Ale - Barrel-Aged
1785;Triple Exultation
1786;Big Dick's Olde Ale
1787;Unobtanium Barrel-Aged Old Ale
1788;Thanksgiving Ale
1789;Figgy Pudding
1790;Ola Dubh Special Reserve 40
1791;Old Woody
1792;Billy The Mountain
1793;Lights Out Holiday Ale
1794;Old Flame
1795;Dark & Handsome
1796;Pale Ale
1797;Zombie Dust
1798;Dale's Pale Ale
1799;Alpha King
1800;Pseudo Sue
1801;Daisy Cutter Pale Ale
1802;420 Extra Pale Ale
1803;Mirror Pond Pale Ale
1804;Peeper
1805;Edward
1806;Moon Man No Coast Pale Ale
1807;Red Chair NWPA
1808;Headwaters Pale Ale
1809;Fire Rock Pale Ale
1810;Doggie Style
1811;Pride & Joy Mild Ale
1812;Pale 31 California Pale Ale
1813;New DogTown Pale Ale
1814;Fresh Hop Pale Ale
1815;Phin & Matt's Extraordinary Ale
1816;Grunion Pale Ale
1817;Saranac American Pale Ale
1818;Boat Beer
1819;Goose Green Line Pale Ale
1820;St. Lupulin
1821;Orval Trappist Ale
1822;Rare Vos Amber Ale
1823;Redemption
1824;Palm / Palm Speciale
1825;Karma Belgian Style Pale Ale
1826;Luciérnaga, The Firefly
1827;Raftman
1828;Verboten
1829;Stone Soup
1830;Liquid Gold
1831;De Koninck APA (Antwaarpse Pale Ale)
1832;Brugse Zot
1833;Taras Boulba
1834;Dorée
1835;The Citizen
1836;Belgian Style Amber Ale
1837;Singel
1838;Saint's Devotion
1839;Bruegel Amber Ale
1840;Cuvée Des Trolls
1841;Hommel Bier
1842;Fatty Boombalatty
1843;Lil' Devil
1844;Hell's Belle
1845;Saranac Belgian Ale
1846;Witkap Pater Singel / Stimulo
1847;Zinnebir
1848;It Takes A Lot Of Great Beer To Make Great Wine
1849;It's Alright!
1850;White Birch Belgian Style Pale Ale
1851;Fleur De Lehigh
1852;Bière Du Boucanier Red
1853;Levon
1854;DBA (Double Barrel Ale)
1855;Bass Pale Ale
1856;Old Speckled Hen
1857;Samuel Adams Boston Ale (Stock Ale)Boston Beer Company (Samuel Adams)
1858;Summer Ale
1859;Organic Pale AleSamuel Smith Old Brewery (Tadcaster)
1860;Smuttynose Shoals Pale Ale
1861;Denver Pale Ale
1862;Whale's Tale Pale Ale
1863;Extra Pale Ale
1864;Monty Python's Holy Grail Ale
1865;Samuel Adams Pale AleBoston Beer Company (Samuel Adams)
1866;Lord Chesterfield Ale
1867;5 Barrel Pale Ale
1868;Sparkling Ale
1869;Original Pale Ale
1870;Tetley's English Ale
1871;Scarecrow Ale
1872;Bitter & Twisted
1873;Scape Goat Pale Ale
1874;Geary's Pale Ale
1875;Ipswich Original Pale Ale
1876;WychCraft
1877;Kentucky Ale
1878;Chamberlain Pale Ale
1879;Over-The-Rhine Ale
1880;Very Bad Elf Special Reserve Ale
1881;English Bay Pale Ale
1882;8th Street Pale Ale
1883;Whitbread Pale Ale
1884;English Ale
1885;Unfiltered Double Barrel Ale
1886;Angler's Ale
1887;Golden Ale
1888;Country Pale Ale
1889;Dundee English-Style Ale
1890;Chupacabras Pale Ale
1891;Stone Mill Organic Pale AleGreen Valley Brewing Company (Crooked Creek)
1892;Pale Ale
1893;Heavy Seas - Pale Ale
1894;Mama's Little Yella Pils
1895;PILS (Czech Style Pilsner)
1896;Staropramen Lager
1897;The Wright Pils
1898;Nomad
1899;Golden Pheasant
1900;Torch Pilsner
1901;Steam Whistle Pilsner
1902;Krušovice Imperial
1903;Czech Style Pilsner
1904;Summer Of Lager
1905;Pilz
1906;Reality Czeck
1907;Shiner 101 Czech Style Pilsner
1908;Joseph's Brau Bohemian Lager
1909;Josephs Brau PLZNR Czech-Style Lager
1910;Session Pils
1911;Saranac Bohemian Pilsener
1912;Pontius Road Pilsner
1913;Long Day Lager
1914;Montejo
1915;Žatec
1916;Sound Czech
1917;Creemore Springs Traditional Pilsner
1918;Kozel
1919;HUB Lager
1920;Czech Pilsner
1921;Kelso Pilsner
1922;Pils
1923;Prima Pils
1924;Samuel Adams Noble PilsBoston Beer Company (Samuel Adams)
1925;Beck's
1926;Scrimshaw Pilsner
1927;Premium Pils (Premium Beer)
1928;The Crisp
1929;Sunshine Pils
1930;Bohemia Clásica
1931;Radeberger Pilsner
1932;Pilsner
1933;Saranac Adirondack Lager
1934;Jever Pilsener
1935;König Pilsener
1936;Pikeland Pils
1937;Pils (Pilsner)
1938;Pils
1939;Trumer Pils
1940;Krombacher Pils
1941;Stiegl Pils
1942;Rothaus Pils Tannen Zäpfle
1943;SOS (Save Our Shore)
1944;Summer Pils
1945;Wernesgruner
1946;Pilsener
1947;Organic Ur Pils
1948;Hans' Pils
1949;Premium Pils
1950;Elm City Lager
1951;EKU Pils
1952;Flensburger Pilsener
1953;Dinkelacker CD-Pils
1954;Pearl-Snap
1955;Simpler Times Pilsner
1956;Hometown Blonde
1957;Almaza Pilsner Beer
1958;Braumeister Pils
1959;Wolters Pilsener
1960;Kulmbacher Edelherb Premium Pils
1961;My Antonia
1962;Krampus
1963;Samuel Adams Hallertau Imperial PilsnerBoston Beer Company (Samuel Adams)
1964;Morimoto Imperial Pilsner
1965;Imperial Spruce India Pilsner
1966;Evil Power
1967;Tilted Smile Imperial Pilsner
1968;Draft Bear
1969;Regal Pilsner
1970;The Curl
1971;Hitachino Nest Ancient Nipponia
1972;Orange Blossom Pilsner² (Squared)
1973;Pecker Wrecker
1974;überPils
1975;Summer Pilsner Fusion
1976;Whistler Imperial Pils
1977;Uber Ursa Pils
1978;Elsa Von Horizon
1979;Epic Larger
1980;Edmund Fitzgerald
1981;Black Butte Porter
1982;Vanilla Porter
1983;Anchor Porter
1984;Porter
1985;Mocha Porter
1986;Everett Porter
1987;Samuel Adams Holiday PorterBoston Beer Company (Samuel Adams)
1988;Coconut Hiwa Porter
1989;Alpha Klaus Christmas (Xmas) Porter
1990;Pipeline Porter
1991;Vanilla Java Porter (VJP)
1992;Oatmeal Porter
1993;Cutthroat
1994;Mississippi Mud Black & Tan
1995;Dead Reckoning Porter
1996;Twilight Of The Idols
1997;Coffeehouse Porter
1998;Black Marlin
1999;Road Dog
2000;New World Porter
2001;Porter
2002;Old Leghumper
2003;Mudpuppy
2004;Saranac Caramel Porter
2005;(512) Pecan Porter(512) Brewing Company
2006;Saranac Black & Tan
2007;TREAT (Imperial Chocolate Pumpkin Porter)
2008;Great Northern
2009;Porter
2010;Wasatch Polygamy Porter
2011;Coffee Porter
2012;Thunderstruck Coffee Porter
2013;Penn Quarter Porter
2014;Porter
2015;Coco Loco
2016;Smuttynose Baltic Porter
2017;Shipwreck Porter - Bourbon Barrel-Aged
2018;Baltika #6 Porter
2019;Baltic Porter
2020;Smoke
2021;Sinebrychoff Porter
2022;Black Boss Porter
2023;Carnegie Porter 5,5%
2024;Topless Wytch
2025;Grande Cuvée Porter Baltique
2026;Porter
2027;Smoked Baltic Porter
2028;Southampton Imperial Baltic Porter
2029;Double Brown Stout
2030;Baltic Porter
2031;Tsarina Esra
2032;Porter
2033;Porteris
2034;Danzig Baltic Porter
2035;Mørke - Pumpernickel Porter
2036;Akevitt
2037;Bourbon Barrel Aged Shaman's Porter
2038;Baltic Porter
2039;Grand Imperial Porter
2040;Kurofune Porter
2041;Fear And Trembling (Cabernet/Bourbon Blend)
2042;Alice Porter
2043;Hoogstraten Poorter
2044;Limfjordsporter
2045;Fuller's London Porter
2046;Old Engine Oil Black Ale
2047;Bully! Porter
2048;Samuel Adams Honey PorterBoston Beer Company (Samuel Adams)
2049;People's Porter
2050;Washington's Porter
2051;Porter
2052;Old-Style Porter
2053;Coffee Porter
2054;Zwet.Be
2055;Santa's Butt
2056;London Porter
2057;Boxcarr Pumpkin Porter
2058;Porter
2059;Sly Rye Porter
2060;Publican Porter (Imperial London Porter)
2061;Geary's London Porter
2062;Original Flag Porter
2063;Black Duck Porter
2064;Kennebunkport Porter
2065;Contorter
2066;Entire Butt English Porter
2067;Porter
2068;Benchwarmer Porter
2069;Black Wych
2070;Vanilla Porter
2071;Old Growler
2072;Longfellow
2073;Rickard's Dark
2074;Shoo-Fly Pie Porter
2075;Duke Of Winship
2076;Midnight Sun
2077;Longboat Chocolate Porter
2078;Busted Knuckle Ale
2079;Old Slug Porter
2080;Pigs Ass Porter
2081;Anvil Porter
2082;Victory At Sea - Coffee And Vanilla
2083;Gonzo
2084;Birth Of Tragedy
2085;Gonzo - Barrel-Aged
2086;Mogli
2087;The Devil Made Me Do It!
2088;Dirty Old Man Imperial Rye Porter
2089;Alberta Clipper
2090;Devil Over A Barrel Bourbon Barrel-Aged Imperial Coffee Oatmeal Porter
2091;Yin & Yang
2092;(512) Whiskey Barrel Aged Double Pecan Porter(512) Brewing Company
2093;Red Eye Coffee Porter
2094;Everett (Barrel Aged)
2095;Victory At Sea - Barrel-Aged
2096;Black Cherry Porter
2097;Southampton Imperial Porter
2098;Anubis
2099;Pugsley's Signature Series: Imperial Porter
2100;Pecan Pie Porter
2101;Black Ball Porter
2102;Porter
2103;Robust Porter
2104;Icelandic Toasted PorterEinstök Ölgerð (Einstök Beer Company)
2105;People's Porter - Barrel-Aged
2106;Thirsty Trout Porter
2107;Chief BlackHawk Porter
2108;Payback Porter
2109;Bobo's Robust Porter
2110;Black Robusto Porter
2111;Pile O' Dirt Porter
2112;Penetration Porter
2113;Gran Sport Porter
2114;Black Earth PorterGreat Dane Pub & Brewing Company (Downtown)
2115;Black Cat Porter
2116;Robust Porter
2117;Robust Porter
2118;Smoked Porter
2119;Smoked Porter
2120;Smoked Porter
2121;London Porter
2122;Benji's Chipotle Smoked Imperial Porter
2123;Pleasantville Smoked Porter
2124;Mesquite Smoked Porter - MSP
2125;Viven Porter / Viven Smoked Porter
2126;Leaning Chimney Porter
2127;The Big Smoke
2128;Smokestack
2129;Smoke Signal
2130;Double Porter Smoked
2131;Up In Smoke Smoked Porter
2132;Smoked Porter
2133;Campfire Smoked Porter
2134;Smokebrush Porter
2135;Vermont Smoked Porter
2136;Big Black Smoke
2137;Smoked Porter
2138;Smoked Porter
2139;Smoke House Porter
2140;Smoked Porter
2141;Porter, Smoked
2142;Smoked Porter
2143;Smoked Porter
2144;Pumking
2145;Punkin Ale
2146;Pumpkinhead Ale
2147;Imperial Pumpkin Ale
2148;Samuel Adams Harvest Pumpkin AleBoston Beer Company (Samuel Adams)
2149;Post Road Pumpkin Ale
2150;Pumpkin Ale
2151;Pugsley's Signature Series: Smashed Pumpkin
2152;Ichabod Ale
2153;Rumpkin
2154;Good Gourd Imperial Pumpkin Ale
2155;Night Owl Pumpkin Ale
2156;Buffalo Bill's Pumpkin Ale
2157;Saranac Pumpkin Ale
2158;UFO Pumpkin
2159;Pumpkinator
2160;La Parcela
2161;The Great’ER Pumpkin
2162;The Great Pumpkin
2163;Frog's Hollow Double Pumpkin Ale
2164;Dark O' The Moon
2165;Pumple Drumkin Spiced Ale
2166;The Fear
2167;Pumpkin Beer
2168;Southampton Pumpkin Ale
2169;Fisherman's Pumpkin Stout
2170;Pumking - Rum Barrel Aged
2171;Spooky Tooth Imperial Pumpkin
2172;Hipp-O-Lantern Imperial Pumpkin Ale
2173;Mother Pumpkin Ale
2174;Abt 12
2175;Trappistes Rochefort 10
2176;Three Philosophers
2177;Trappist Westvleteren 12 (XII)Brouwerij Westvleteren (Sint-Sixtusabdij van Westvleteren)
2178;The Sixth Glass Quadrupel Ale
2179;Stickee Monkee
2180;Bourbon Barrel Quad Barrel-Aged Ale (BBQ)
2181;La Trappe Quadrupel (Koningshoeven / Dominus)
2182;Pannepot
2183;Christmas Ale
2184;Terrible
2185;The Reverend
2186;V-Twelve
2187;Gulden Draak 9000 Quadruple
2188;Quad
2189;Pannepot Reserva
2190;Judgment Day
2191;Kasteel Rouge
2192;Blasphemy
2193;Kasteel Donker
2194;Straffe Hendrik Quadrupel
2195;Rigor Mortis Abt
2196;Smuttynose Gravitation (Big Beer Series)
2197;La Trappe Quadrupel - Oak-Aged
2198;Urthel SamaranthDe Leyerth Brouwerijen (Urthel)
2199;Kasteel Cuvée Du Chateau
2200;Malheur 12°
2201;Grand Cru
2202;St. Amatus 12
2203;Box Of Chocolate
2204;Ichor
2205;Hertog Jan Grand PrestigeArcense Stoombierbouwerij (Hertog Jan Brouwerij)
2206;'t Smisje BBBourgondier
2207;Three Philosophers - Bourbon Barrel-Aged
2208;Fat Tire Amber Ale
2209;Hopback Amber Ale
2210;Censored
2211;Red Rocket Ale
2212;Zoe
2213;Santa's Private Reserve Ale
2214;Red Seal Ale
2215;Boont Amber Ale
2216;Tocobaga Red Ale
2217;Gaelic Ale
2218;American Amber Ale
2219;Avalanche Amber Ale
2220;CascaZilla
2221;St. Rogue Red
2222;Prohibition Ale
2223;Red Tail Ale
2224;Switchback Ale
2225;Fixed Gear
2226;5AM Saint
2227;Captain Sig's Northwestern Ale
2228;My Bloody Valentine
2229;Ambergeddon
2230;Evil Dead Red
2231;Mermaid's Red Ale
2232;Loakal Red
2233;Amber Ale
2234;Believer
2235;Amber Ale
2236;Jamaica Red Ale
2237;Mourning Wood
2238;Samuel Adams Mighty Oak AleBoston Beer Company (Samuel Adams)
2239;Snowshoe Red Ale
2240;Big Red Coq
2241;Nugget Nectar
2242;G'Knight
2243;Hop Head Red Ale
2244;Lucky 13 Mondo Large Red Ale
2245;Nosferatu
2246;Tongue Buckler - Imperial Red Ale
2247;Pursuit Of Hoppiness
2248;Aorta Ale (Double Red Ale)
2249;Double Dread Imperial Red Ale
2250;King Crimson
2251;Ard Ri
2252;Elector Imperial Red Ale
2253;Extra Special Red
2254;Double Rainbow
2255;Imperial Red Ale
2256;Bone Warmer Imperial Amber Ale
2257;Lavery Imperial Red Ale
2258;Uncle Rusty
2259;Battle Axe
2260;Smithwick's Imported Premium Irish Ale
2261;Samuel Adams Irish RedBoston Beer Company (Samuel Adams)
2262;Conway's Irish Ale
2263;Smithwick's Ale
2264;Kilkenny Irish Cream Ale
2265;Murphy's Irish Red
2266;Irish Ale
2267;Red Trolley Ale
2268;O'Hara's Irish Red
2269;Samuel Adams Brick RedBoston Beer Company (Samuel Adams)
2270;The Magician
2271;Saranac Irish Red Ale
2272;McSorley's Irish Pale Ale
2273;McIlhenney's Irish Red
2274;River Falls Red Ale
2275;Irish Red Ale
2276;Casco Bay Riptide Red Ale
2277;Jeremiah Red Ale
2278;Danny's Irish Style Red Ale
2279;Hot Rod Red
2280;Amber Ale
2281;Porterhouse Red
2282;Station 33 Firehouse Red
2283;Aviator Red
2284;Caffrey's Irish Ale
2285;Scarlet Fire
2286;Cherokee Red Ale
2287;Irish Setter Red
2288;Jeremiah Red Ale
2289;Erik The Red
2290;Celtic Ale
2291;Fire Chief Ale
2292;Quinn's Amber Ale
2293;Red Head Red Ale
2294;Rebel Red
2295;Irish Red Ale
2296;Seamus' Irish Red Ale
2297;Johnny Blood Red
2298;Roggenbier
2299;Schleimhammer Roggenbier
2300;Schlägl Bio-Roggen
2301;Thurn Und Taxis Roggen
2302;Schremser Roggen Bier
2303;Roggenbier
2304;Roggenbier
2305;Tippy Toboggan
2306;Roggenbier
2307;Crazy Jackass Ale
2308;Roggenschnizzle
2309;Dunkelroggen
2310;Barbarossa
2311;Orkiszowe
2312;Roggen
2313;Rye Halladay
2314;Red's Rye IPA
2315;Ruthless Rye IPA
2316;Hop Rod Rye
2317;Rye-on-Rye
2318;Cane And Ebel
2319;Route Des Épices
2320;Full Moon Pale Rye Ale
2321;Sky High Rye
2322;RastafaRye Ale
2323;Samuel Adams Revolutionary Rye AleBoston Beer Company (Samuel Adams)
2324;Six (#6)
2325;Rye P.A. Hatter
2326;Daymark
2327;Permagrin
2328;Westside Rye
2329;Summer Rye
2330;Dock Street Rye IPA
2331;Salmon Fly Honey Rye
2332;Rye IPA
2333;Rye Pale Ale
2334;Bridal Veil Rye Pale Ale
2335;Backwoods Bastard
2336;Dirty Bastard
2337;Old Chub - Scottish Style Ale
2338;Skull Splitter
2339;Scotty Karate Scotch Ale
2340;Claymore
2341;Rum Cask Oak Aged Beer
2342;Wee Heavy
2343;Traquair House Ale
2344;Samuel Adams Scotch AleBoston Beer Company (Samuel Adams)
2345;Wee Heavy
2346;Traquair Jacobite
2347;Kilt Lifter Scotch Ale
2348;Big Sound
2349;Samuel Adams Wee Heavy (Imperial Series)Boston Beer Company (Samuel Adams)
2350;Jinx
2351;Équinoxe Du Printemps
2352;Smuttynose Scotch Style Ale (Big Beer Series)
2353;Wee Heavy Scotch Style Ale
2354;Scotch De Silly
2355;Wee Heavy - Barrel-Aged
2356;Warped Speed Scotch Ale
2357;Drafty Kilt Scotch Ale
2358;Iron Thistle
2359;Wet Willy Scotch Ale
2360;Sheep Shagger Scotch Ale
2361;Wee Heavy-er Scotch Style Ale
2362;Ol' Red Cease & Desist Wee Heavy Ale
2363;Shaggin' In The Wood
2364;Maple Scotch-Style Ale
2365;Heavy Horse Scotch Ale
2366;Scotch Ale
2367;Bancreagie Peated Scotch Ale
2368;Louie's Reserve Scotch Ale
2369;Outta Kilter
2370;Robert The Bruce
2371;Scottish Ale
2372;90 Shilling
2373;Original Oak Aged Beer
2374;Winter Ale
2375;Kilt Lifter Scottish Style Ale
2376;Railbender Ale
2377;Hibernator
2378;Wee Mac
2379;Dark Island
2380;Piper Down
2381;St. Andrew's Ale
2382;Jolly Scot Scottish Ale
2383;Laughing Lab Scottish-Style Ale
2384;Red MacGregor
2385;Twisted Kilt Scotch Ale
2386;Burning Skye Scottish Style Ale
2387;Blackfriar
2388;Stone's Throw Scottish Ale
2389;Dark Island Reserve
2390;Caledonian 80/-
2391;MacPelican's Scottish Style Ale
2392;Lia Fail
2393;Scottish Ale
2394;Black Douglas Ale
2395;Olde Ore Dock Scottish Ale
2396;Piper Down - Bourbon Barrel-Aged
2397;80/- (Eighty Shilling)
2398;Scottish Ale
2399;Hog's Head Brew (Harry Potter)
2400;Java Mac
2401;Bold Coast Pemaquid Ale
2402;Beltaine Scottish Ale
2403;Skye Black
2404;Fore Smoked Stout
2405;Sue
2406;Smoking Wood - Bourbon Barrel-Aged
2407;Ashtray Heart
2408;Norwegian Wood
2409;Sunturnbrew
2410;Charkoota Rye
2411;Holger Danske (with Kissmeyer)
2412;Hemel & Aarde
2413;Bar Fly
2414;Hank On Rye
2415;Grodziskie
2416;Bloed, Zweet & Tranen
2417;LA-31 Boucanèe
2418;Rook & Vuur
2419;Charbonniere
2420;White Birch Tavern Ale
2421;Simple Malt Double Porter
2422;Adelscott
2423;Rökporter
2424;Rex Attitude
2425;Hogwash!
2426;Bravoure
2427;Hogwash
2428;Backyard Ale
2429;Black Cabin Smoked Ale
2430;Wild Fire Wheat
2431;Smoaktoberfest
2432;Festina Pêche
2433;1809
2434;Deesko!
2435;Tartare
2436;Berliner Weisse
2437;Berliner Style Weisse
2438;Sour Wench
2439;Berliner Kindl Weisse
2440;Berliner Weisse
2441;Ching Ching
2442;La Folie
2443;Monk's Café Flemish Sour Ale
2444;The Dissident
2445;Goudenband
2446;Madame Rose
2447;Rosso E Marrone
2448;Bacchus
2449;Haandbakk
2450;Cuvee Freddy
2451;Cherry Oud Bruin
2452;Aardmonnik - Earthmonk
2453;Madamin
2454;Grande Dame Oud Bruin
2455;Old Growth
2456;Undressed
2457;Oud Bruin Belgian Style Ale
2458;Chunga's Old Bruin
2459;SoBro
2460;Oud Bruin
2461;Le Serpent
2462;Duchesse De Bourgogne
2463;Rodenbach Grand Cru
2464;Cuvée Des Jacobins Rouge
2465;Red Poppy
2466;La Roja
2467;Rodenbach Classic (Red)
2468;Rodenbach Caractère Rouge
2469;Cascade Kriek Ale
2470;Rodenbach Alexander
2471;Ichtegem's Grand Cru
2472;Barriquée (Sour Version)
2473;Vichtenaar
2474;Verhaeghe Echte Kriek / Echte Kriekenbier
2475;Zoetzuur Flemish AleDe Proefbrouwerij (bvba Andelot)
2476;Michael
2477;La Roja - Grand Reserve
2478;La Roja Du Kriek
2479;Barriquée (Italy Version)
2480;Kriek Des Jacobins
2481;La Luna Rossa
2482;Rodenbach Foederbier
2483;Ned
2484;Portsmouth Flanders Red - Maude
2485;Tulach Leis
2486;Leipziger Gose
2487;Gose
2488;Imperial Cherry Gose
2489;KBS (Kentucky Breakfast Stout)
2490;Bourbon County Brand Stout
2491;Ten FIDY
2492;The Abyss
2493;Bourbon County Brand Coffee Stout
2494;Speedway Stout
2495;CBS (Canadian Breakfast Stout)
2496;Storm King Stout
2497;Yeti
2498;Choklat (Blackwater Series)
2499;Péché Mortel
2500;World Wide Stout
2501;Oak Aged Yeti Imperial Stout
2502;Cappuccino Stout
2503;Imperial Biscotti Break
2504;Hunahpu's Imperial Stout
2505;Black Tuesday
2506;Miles Davis' Bitches Brew
2507;Espresso Oak Aged Yeti Imperial Stout
2508;Warlock
2509;Chocolate Oak Aged Yeti
2510;Double Stout
2511;Abraxas
2512;Beer Geek Brunch Weasel
2513;Chocolate Rain
2514;Brewer's Reserve Bourbon Barrel Stout
2515;Dark Truth
2516;Big Bear Black Stout
2517;Mokah
2518;Speedway Stout - Bourbon Barrel-Aged
2519;Ten FIDY - Bourbon Barrel Aged
2520;Imperial Eclipse Stout - Elijah Craig (12 Year)
2521;Speedway Stout - Vietnamese Coffee
2522;Bourbon County Brand Vanilla Stout
2523;Chocolate Stout
2524;Obsidian Stout
2525;Stout
2526;Chicory Stout
2527;Mean Old Tom
2528;Tres Blueberry Stout
2529;Aphrodisiaque
2530;Out Of Bounds Stout
2531;Black Mocha Stout
2532;Fuel Cafe (Coffee Flavored Stout)
2533;Coffee Stout
2534;Brewhouse Coffee Stout
2535;Chocolate Stout
2536;Cocoa Loco
2537;Bison Organic Chocolate Stout
2538;Rise Up Coffee Stout
2539;Captain Stout
2540;Luna Coffee Stout
2541;Blue Bridge Coffee Stout
2542;Valdez
2543;CEO Stout
2544;Irish Channel StoutNew Orleans Lager & Ale Brewing Company (NOLA)
2545;"Survival ""7-Grain"" Stout"
2546;Crème Brûlée Java Stout
2547;Black Phoenix (Chipotle Coffee Ale)
2548;Java The Stout
2549;Hickory Stick Stout
2550;Planet Bean
2551;Naked Fish
2552;Heart Of Darkness
2553;Scottish Stout
2554;Dragonhead Stout
2555;Monk's Stout Dupont
2556;Echigo Stout
2557;Double Stout
2558;Dorothy Goodbody's Wholesome Stout
2559;Strike Out Stout
2560;Bad King John
2561;Rosie Parks Oyster Stout
2562;Hopback Entire Stout
2563;Double Stout (2012- )
2564;Blackheart Stout
2565;March Of The Penguins
2566;Maple Stout
2567;Boréale Noire
2568;London Stout
2569;Dark Arts
2570;Extra StoutSamuel Smith Old Brewery (Tadcaster)
2571;Bonecrusher Stout
2572;Martello Stout
2573;Woody Stout
2574;Pemaquid Oyster Stout
2575;McCallum's Stout
2576;Potro
2577;Black Creek Stout
2578;Black
2579;Titanic Stout
2580;Guinness Foreign Extra Stout
2581;Lion Stout
2582;Indra Kunindra
2583;Fade To Black - Volume 1
2584;Best Extra Stout
2585;Lump Of Coal Dark Holiday Stout
2586;Extra Export Stout
2587;Zonker Stout
2588;Dragon Stout
2589;Tsunami Stout
2590;Malpais Stout
2591;Exit 1 Bayshore Oyster Stout.
2592;Captain Swain's Extra Stout
2593;Dissent
2594;San Quentin's Breakout Stout
2595;Foreign Style Stout
2596;Export Stout London 1890
2597;Cazeau Tournay Noire
2598;Square Tail Stout
2599;Foreign Export Stout
2600;Hakim Stout
2601;Oesterstout
2602;Black Magic Stout
2603;Hot Blooded Foreign Stout
2604;Extra Stout
2605;Extra Stout
2606;Jamaica Stout
2607;Black Rock Stout
2608;Bulls Bay Oyster Stout
2609;Strong Back Stout
2610;Guinness Foreign Extra Stout (Africa)
2611;Foreign Export Stout
2612;Cascade Stout
2613;Tsingtao Stout
2614;Starkweather Stout
2615;Ceres Royal Stout (Ceres Extra Strong Stout)Ceres Brewery (Royal Unibrew)
2616;Guinness Draught
2617;Guinness Extra Stout (Original)
2618;Murphy's Irish Stout
2619;Old #38 Stout
2620;O'Hara's Irish Stout
2621;Black Sun Stout
2622;Beamish Irish Stout
2623;Black Hawk Stout
2624;Dry Irish Stout
2625;Love Stout
2626;Blue Fin Stout
2627;Guinness Draught Extra Cold
2628;Donnybrook Stout
2629;Dark Starr Stout
2630;O.V.L. Stout
2631;Oyster Stout
2632;Black Fly Stout
2633;Dragoon's Irish Dry Stout
2634;Dry Stout
2635;Guinness Extra Stout (Canada)
2636;Black Cab
2637;Uncle Steve's Irish Stout
2638;Wrasslers XXXX Stout
2639;Cobblestone Stout
2640;O'Reilly's Irish Stout
2641;Saranac Irish Stout
2642;Stouterik (The Brussels Stout)
2643;Portsmouth Black Cat Stout
2644;O'Hara's Leann Folláin
2645;Three Feet Deep
2646;Plain Porter
2647;Hillsborough River Dry Irish Stout (Patio Tools)
2648;Susquehanna Stout
2649;Irish Style Stout
2650;La Sang-d'encre
2651;Celebration Stout
2652;Black Magic Stout
2653;Patio Tools
2654;Friend Of An Irishman Stout
2655;Guinness Original
2656;Ring Of Dingle
2657;Revelation Stout
2658;Breakfast Stout
2659;Oatmeal StoutSamuel Smith Old Brewery (Tadcaster)
2660;Wake-n-Bake Coffee Oatmeal Imperial Stout
2661;Shakespeare Oatmeal Stout
2662;Velvet Merkin
2663;Beer Geek Breakfast
2664;Barney Flats Oatmeal Stout
2665;The Poet
2666;Java Head Stout
2667;B.O.R.I.S. Oatmeal Imperial Stout - Barrel-Aged
2668;Oatmeal Stout
2669;St-Ambroise Oatmeal Stout
2670;Oatmeal Stout
2671;8 Ball Stout
2672;One Oatmeal Stout
2673;Dragonstooth Stout
2674;Ipswich Oatmeal Stout
2675;Trader Joe's Stockyard Oatmeal Stout
2676;Oatis
2677;Earl Coffee Oatmeal Stout
2678;Vanilla Oatis
2679;Beer Geek Bacon
2680;Oatmeal Stout
2681;Buffalo Bill's Blueberry Oatmeal Stout
2682;Obovoid
2683;Convict Hill Oatmeal Stout
2684;Ohio City Oatmeal Stout
2685;Coffee Oatmeal Stout
2686;Stout
2687;Oatmeal Stout
2688;Overcast Espresso Stout
2689;Dark Star
2690;Down 'N Dirty Chocolate Oatmeal Stout
2691;Old Rasputin
2692;Parabola
2693;Black Chocolate Stout
2694;Narwhal Imperial Stout
2695;Dark Lord Imperial Stout
2696;Darkness
2697;Plead The 5th Imperial Stout
2698;Imperial StoutSamuel Smith Old Brewery (Tadcaster)
2699;Blackout Stout
2700;Bourbon Barrel Aged Plead The 5th
2701;Marshal Zhukov's Imperial Stout
2702;B.O.R.I.S. The Crusher
2703;Black OPS
2704;Imperial Stout
2705;Siberian Night Imperial Stout
2706;Blackout Stout - Barrel-Aged
2707;Black Albert
2708;Blaecorn Unidragon
2709;Samuel Adams Imperial StoutBoston Beer Company (Samuel Adams)
2710;Peg Leg Imperial Stout
2711;Sexual Chocolate
2712;D.O.R.I.S. The Destroyer
2713;Imperial Stout Trooper
2714;Imperial Stout
2715;Sexual Chocolate - Barrel-Aged
2716;Smuttynose Imperial Stout (Big Beer Series)
2717;Bourbon Barrel Aged Siberian Night Imperial Stout
2718;Dark Apparition
2719;Wake Up Dead
2720;Northwind
2721;BBADL (Bourbon Barrel Aged Dark Lord Imperial Stout)
2722;Black Metal Farmhouse Imperial Stout
2723;Imperial Stout
2724;Rabid Duck
2725;Ivan The Terrible Imperial Stout - Barrel-Aged
2726;Milk Stout
2727;Samuel Adams Cream StoutBoston Beer Company (Samuel Adams)
2728;Moo-Hoo Chocolate Milk Stout
2729;2XSTOUT
2730;Milk Stout
2731;Moloko
2732;Gingerbread Stout
2733;Milk Stout
2734;Too Cream Stout
2735;Cream Stout
2736;Neapolitan Milk Stout
2737;72 Imperial Chocolate Cream Stout
2738;Moo Thunder Stout Farmhouse Ale
2739;Mother's Milk Stout
2740;Mackeson Triple XXX Stout
2741;Oatmeal Milk Stout
2742;Moo Joos
2743;Brown Shugga'
2744;Undercover Investigation Shut-down Ale
2745;The Hairy Eyeball
2746;Samuel Adams UtopiasBoston Beer Company (Samuel Adams)
2747;Mélange No. 3
2748;Deliverance
2749;The Angel's Share - Bourbon Barrel-Aged
2750;Fred
2751;Life and Limb
2752;B-Bomb (Bourbon Abominable Winter Ale)
2753;Double Dead Guy Ale
2754;Chocolate Ale
2755;Eye of the Hawk
2756;Matt
2757;The Angel's Share - Brandy Barrel-Aged
2758;Ale To The Chief
2759;Fred From The Wood
2760;Bell Ringer
2761;Bourbon Fred From The Wood
2762;Maple Tripple Ale
2763;Wailing Wench
2764;Quilter's Irish Death
2765;Triple Bag
2766;He'Brew Origin Pomegranate Ale
2767;John Henry 3 Lick Spiker Ale
2768;Barmy
2769;Boatswain H.L.V. Ale (Heavy Lift Vessel)
2770;Raspberry Strong Ale
2771;Pray For Snow
2772;Colossus
2773;BART
2774;Super Kitty
2775;Grande Réserve (Blue)
2776;Trappistes Rochefort 8
2777;Trois Pistoles
2778;Raison D'Être
2779;Gulden Draak
2780;The Mad Elf
2781;Brother Thelonious
2782;Delirium Nocturnum
2783;Black
2784;Delirium Noël (Christmas)
2785;Collaboration Not Litigation Ale
2786;Raison D'Extra
2787;Monk's Blood
2788;Local 2
2789;N'Ice Chouffe
2790;Corsendonk Christmas Ale
2791;Salvation
2792;McChouffe
2793;17 Grande Réserve
2794;Oerbier
2795;Noel De Calabaza
2796;Grand Cru
2797;10 Commandments
2798;Nostradamus
2799;Gouden Carolus Classic
2800;Gouden Carolus Noël / Christmas
2801;Abbaye Des Rocs Grand Cru Belgian Special Brown
2802;Hitachino Nest Extra High (XH)
2803;Grand Cru
2804;Affligem Noël
2805;Abbaye Des Rocs [Brasserie Des Rocs Brune]
2806;Achel Trappist Extra
2807;Brasserie Des Rocs Triple Impériale
2808;Green Flash Grand Cru
2809;Gouden Carolus Ambrio
2810;St. Feuillien Cuvée De Noël
2811;Leute Bok
2812;Moinette Brune
2813;Leffe Radieuse
2814;Monk's Mistress
2815;Nor' Easter Winter Warmer
2816;Duvel
2817;Delirium Tremens
2818;Matilda
2819;Damnation
2820;Pranqster
2821;La Chouffe (Blonde)
2822;Piraat
2823;Local 1
2824;Mischief
2825;Kwak
2826;Gnomegang
2827;Stille Nacht
2828;Horny Devil
2829;Confluence Ale
2830;668 Neighbor Of The Beast
2831;La Trappe Isid'or
2832;Inferno Ale
2833;Hitachino Nest Red Rice Ale
2834;Faithfull Ale
2835;Hades Ale
2836;Arabier
2837;Reinaert Flemish Wild AleDe Proefbrouwerij (bvba Andelot)
2838;Grand Cru Winter Reserve
2839;Moinette Blond
2840;Lucifer
2841;Boskeun
2842;Victoria Ale
2843;Victor Ale
2844;Grand Cru
2845;BelzebuthBrasserie Grain d' Orge (Brasserie Jeanne d'Arc SA)
2846;It's Alive!
2847;Malheur 10°
2848;Barbãr (Belgian Honey Ale)
2849;Melange A Trois - Reserve Series Aged In French Oak Chardonnay Barrels
2850;La Guillotine
2851;Southampton Grand Cru
2852;Hoegaarden Grand Cru
2853;Alpha Kong
2854;St. Feuillien Grand Cru
2855;Seigneuriale
2856;Kentucky Bourbon Barrel Ale
2857;Immort Ale
2858;Fuller's 1845
2859;Yorkshire StingoSamuel Smith Old Brewery (Tadcaster)
2860;Ubu Ale
2861;Geary's Hampshire Special Ale
2862;King Goblin
2863;Adnams Broadside
2864;Extra Strong Vintage Ale
2865;Hen's Tooth
2866;Riggwelter Yorkshire Ale
2867;Insanely Bad Elf Imperial Red Ale
2868;Old Crafty Hen
2869;Seriously Bad Elf
2870;Manchester Star AleJ.W. Lees & Co (Brewers) Ltd
2871;Jolly Roger Christmas Ale
2872;Bracia
2873;Moonraker AleJ.W. Lees & Co (Brewers) Ltd
2874;Reindeer's Revolt
2875;Pride Of Milford Special Ale
2876;Wizard's Winter Ale
2877;Twelve Days
2878;An Brain Blásta
2879;Extra Special Oak (ESO)
2880;Triple
2881;Monkey Wrench Strong Ale
2882;Morocco Ale
2883;Otro Mundo Strong Red Ale
2884;Peculiar
2885;1488 Whisky Beer
2886;Otter Head
2887;Old Admiral
2888;The Saints Whisky Beer
2889;Centurion's Ghost Ale
2890;Ripon Jewel Ale
2891;La Fin Du Monde
2892;Golden Monkey
2893;Westmalle Trappist Tripel
2894;Tripel (White)
2895;Tripel Karmeliet
2896;Tripel
2897;Trippel
2898;Don De Dieu
2899;Tripel Ale
2900;Merry Monks
2901;Maredsous 10 - Triple
2902;Trade Winds
2903;La Trappe Tripel (Koningshoeven / Dominus)
2904;Samuel Adams New World Tripel (Barrel Room Collection)Boston Beer Company (Samuel Adams)
2905;Agnus Dei (Abbey Pale Ale)
2906;Gouden Carolus Tripel
2907;Dulle Teve (Mad Bitch)
2908;Sapient Trip Ale
2909;Devil's Backbone
2910;Trappist Achel 8° Blond
2911;Affligem Tripel
2912;Brother David's Triple Abbey Style Ale
2913;Bornem Triple
2914;Tripel Horse
2915;Golden Delicious
2916;St. Feuillien Triple
2917;Final Absolution Trippel
2918;Straffe Hendrik Bruges Tripel Bier 9°
2919;Watou Tripel
2920;Trippel
2921;Damnation Batch 23 (Oak Aged)
2922;Triple
2923;Augustijn Ale
2924;Kasteel Tripel
2925;Eau Benite
2926;Abbey Triple
2927;Tripel Van De Garre
2928;Winter Session Ale
2929;River Guide
2930;Black Wit-O
2931;Cornstalker Dark Wheat
2932;Black Walnut Wheat
2933;Red Bud
2934;WRed Wheat
2935;Shredder's Wheat
2936;Ruddy Wheat
2937;Gwiniz Du
2938;Oktoberfest
2939;Winter Wheat
2940;Outlaw McCaw
2941;Jamieson Mountain Ale
2942;Winter Wheat
2943;Yin-Yang Witbier
2944;Red Wheat
2945;Dark Wheat
2946;Gumballhead
2947;Samuel Adams Summer AleBoston Beer Company (Samuel Adams)
2948;312 Urban Wheat
2949;Unfiltered Wheat
2950;Circus Boy The Hefeweizen!
2951;UFO Hefeweizen
2952;Hop Sun (Summer Wheat Beer)
2953;Berry Weiss
2954;Anchor Summer Beer
2955;Blue Moon Summer Honey WheatCoors Brewing Company (Molson-Coors)
2956;Samuel Adams Coastal WheatBoston Beer Company (Samuel Adams)
2957;Wailua Wheat
2958;Montana Trout Slayer Wheat Ale
2959;Sweaty Betty Blonde
2960;SummerBright Ale
2961;Blue Star Great American Wheat Beer
2962;Summer Ale
2963;Easy Street Wheat
2964;Whitsun Ale
2965;Pineapple Mana Wheat
2966;Dirty Blonde Ale
2967;Solace
2968;Jack Whacker Wheat Ale
2969;Blue Moon Spring Blonde Wheat AleCoors Brewing Company (Molson-Coors)
2970;White Gold
2971;Saranac Pomegranate Wheat
2972;Summer Session Ale
2973;Saranac Summer Ale
2974;Sun Block
2975;Funk Blueberry Citrus Wheat
2976;Willy Vanilly
2977;Canebrake
2978;Hefeweissbier Dunkel
2979;Shiner Holiday Cheer
2980;Franziskaner Hefe-Weisse Dunkel
2981;Erdinger Weissbier Dunkel
2982;Samuel Adams DunkelweizenBoston Beer Company (Samuel Adams)
2983;Hacker-Pschorr Dunkel Weisse (Weisse Dark)
2984;Julius Echter Hefe-Weissbier Dunkel
2985;Hefe-Weissbier Dunkel
2986;Andechs Weissbier Dunkel
2987;Michelob Dunkel Weisse
2988;Tucher Dunkles Hefe Weizen
2989;Kapuziner Schwarz-Weizen
2990;Winged Nut
2991;Hofbrau Hefe Weisse Dunkel
2992;10 Degrees Below
2993;Moosbacher Schwarze Weisse
2994;Leavenworth Boulder Bend Dunkelweizen
2995;Dragon's Breath
2996;Weisse Dunkel
2997;Shiner Dunkelweizen
2998;König Ludwig Weissbier Dunkel
2999;Ramstein Classic
3000;Weltenburger Hefe-Weissbier Dunkel
3001;Hopf Dunkle Weisse
3002;Schöfferhofer Dunkles Hefeweizen
3003;Dunkelweizen
3004;Dark 'n Curvy
3005;Texels Skuumkoppe
3006;Benediktiner Weissbier Dunkel
3007;Unertl Weissbier
3008;Dunkle Weizen
3009;Portsmouth Winter Weizen
3010;Fürstenberg Weizen Hefe Dunkel
3011;Dunkler Hirsch Allgäuer Weizen
3012;Vùdù
3013;Steingadener Weisse Dunkel
3014;Portsmouth Dunkelweizen
3015;Hefeweissbier
3016;Franziskaner Hefe-Weisse
3017;Hefe-Weissbier Naturtrüb
3018;Widmer Hefeweizen
3019;Erdinger Weissbier (Hefe-Weizen)
3020;DreamWeaver Wheat
3021;Schneider Weisse Tap 7 Unser Original
3022;Hacker-Pschorr Hefe Weisse Naturtrüb
3023;HefeWeizen
3024;Hefeweizen
3025;Dancing Man
3026;Hofbräu Münchner Weisse
3027;Schneider Weisse Tap 4 Wiesen Edel-Weisse
3028;Shiner Hefeweizen
3029;König Ludwig Weiss
3030;Schofferhofer Hefeweizen Grapefruit Bier
3031;Pyramid Hefeweizen
3032;Samuel Adams HefeweizenBoston Beer Company (Samuel Adams)
3033;Ebel's Weiss Beer
3034;Julius Echter Hefe-Weissbier Hell
3035;Oktoberfest Weissbier
3036;Tucher Helles Hefe Weizen
3037;Kapuziner Weissbier
3038;Schöfferhofer Hefeweizen
3039;Shotgun Betty Hefeweizen Ale
3040;Weisse Original
3041;Hefeweizen
3042;The Love Wheat Beer
3043;Weisse Versa Wheat
3044;Mad King's Weiss
3045;Trader Joe's Bavarian Style Hefeweizen
3046;Pinkus Weizen
3047;Waterkeeper Hefeweizen
3048;Hefeweizen
3049;Heinnieweisse Weissebier
3050;Brooklyner Weisse
3051;Penn Weizen
3052;Drunk Monk Hefeweizen
3053;Benediktiner Weissbier
3054;Baltika #8 Wheat
3055;Schneider Weisse Tap 1 Mein Blondes
3056;Royal Weisse
3057;Kristallweissbier
3058;Honey Weiss
3059;Laughing Fox
3060;Erdinger Weissbier Kristallklar
3061;Tucher Kristall Weizen
3062;Old Chico Crystal Wheat
3063;Franziskaner Weissbier Kristallklar
3064;Weissbier Kristallklar
3065;Schöfferhofer Kristallweizen
3066;Schneider Weisse Tap 2 Mein Kristall
3067;Weisse Kristall
3068;Dancing Trout Ale
3069;Bohemia Weizen
3070;Hacker-Pschorr Kristall Weisse
3071;Sunthief Kristallweizen
3072;Franconia Kristal-weizen
3073;Cascade Blonde
3074;Sanwald Kristall Weizen
3075;Falkensteiner Weizen
3076;Krystal Weizen
3077;Zitronenweizen
3078;Kapuziner Kristall-Weizen
3079;Julius Echter Kristall Weizen
3080;Rieser Kristall-Weizen
3081;Kristall Weizen
3082;Monterey Bay Wheat
3083;White Oak
3084;Pilgrim's Dole
3085;Anniversary Ale
3086;Gamma Ray
3087;Wood Ya Honey
3088;Star Brew-Triple Wheat Ale
3089;Wheat Wine
3090;Misery
3091;Devil's Heart Of Gold
3092;Vernal
3093;Illegal Ale-Ien
3094;Old Sol Wheatwine Ale
3095;West Coast Wheat Wine
3096;1100 Wheat Wine
3097;Umami
3098;Blue Moon Belgian WhiteCoors Brewing Company (Molson-Coors)
3099;White
3100;Hoegaarden Original White Ale
3101;Shock Top Belgian White
3102;Namaste White Belgian-Style Witbier
3103;White Rascal
3104;Blanche De Chambly
3105;Witte Wheat Ale
3106;Red & White
3107;Florida Cracker
3108;Hitachino Nest White Ale
3109;Samuel Adams Blackberry WitbierBoston Beer Company (Samuel Adams)
3110;UFO White
3111;Samuel Adams White AleBoston Beer Company (Samuel Adams)
3112;Samuel Adams Imperial WhiteBoston Beer Company (Samuel Adams)
3113;Clementine
3114;Double White Ale
3115;Positive Contact
3116;Holy Moses White Ale
3117;Blanche De Bruxelles / Manneken Pis Belgian White
3118;Calabaza Blanca
3119;White Thai
3120;Mothership Wit
3121;Whirlwind Witbier
3122;Great White
3123;White
3124;Grey Lady
3125;Wahoo White Beer
3126;ZÔN
3127;Kronenbourg 1664 Blanc
3128;Orange Avenue Wit
3129;Two Jokers Double-Wit
3130;Estrella Damm Inedit
3131;Half-E-Weizen
3132;Blanche De Namur
3133;Wheat Ale
3134;Supplication
3135;Consecration
3136;Temptation
3137;Beatification
3138;Sang Noir
3139;Apricot Ale
3140;Juliet
3141;Cuvee De Tomme
3142;Framboise De Amorosa
3143;Cable Car
3144;Pentagram
3145;Framboise For A Cure
3146;Riserva
3147;Bottleworks XII
3148;Cascade Noyaux
3149;Sang Royal
3150;Cascade The Vine
3151;Boxer's Revenge
3152;Tart Lychee, Tropical Sour
3153;Maracaibo Especial
3154;Friek
3155;Samuel Adams Stony Brook Red (Barrel Room Collection)Boston Beer Company (Samuel Adams)
3156;Cascade Vlad The Imp Aler
3157;Samuel Adams Old Fezziwig AleBoston Beer Company (Samuel Adams)
3158;Christmas Ale
3159;Jubelale
3160;Winter Welcome AleSamuel Smith Old Brewery (Tadcaster)
3161;Winter Solstice Seasonal Ale
3162;Old Man Winter
3163;Winter Warmer
3164;Fireside Chat
3165;Christmas Ale
3166;Nutcracker Winter Warmer Ale
3167;Snow Cap
3168;Odell Isolation Ale
3169;K-9 Winter Ale
3170;4 Elf
3171;Festive Ale
3172;12 Dogs Of Christmas Ale
3173;Winter Ale
3174;Barrel Aged Brrrbon (Brothers' Reserve Series)
3175;BiFrost
3176;Prelude
3177;Never Summer Ale
3178;Powder Hound Winter Ale
3179;Winterbraun
3180;Bourbon Barrel Aged Winter Warmer
3181;Christmas Ale
3182;Frosted Frog Christmas Ale
3183;Holly Jolly Christmas Ale
3184;Bah Humbug! Christmas Cheer! Ale
3185;Cabin Fever Ale
3186;Mogul Madness Ale
3187;God Jul
3188;Lions Winter Ale
3189;Special Holiday Ale
3190;Winter Ale
3191;Winter Warmer
3192;Winter Shredder
3193;The First Snow Ale
3194;Red Nose Winter Ale
3195;Fish Tale Winterfish
3196;Frosted Frog Christmas Ale - Barrel-Aged
