0;Alaskan Brewing Co.
1;Long Trail Brewing Co.
2;Long Trail Brewing Co.
3;Uerige Obergärige Hausbrauerei GmbH / Zum Uerige
4;Ninkasi Brewing Company
5;Uerige Obergärige Hausbrauerei GmbH / Zum Uerige
6;Widmer Brothers Brewing Company
7;Southampton Publick House
8;The Olde Mecklenburg Brewery
9;Brauerei Pinkus Mueller
10;Uerige Obergärige Hausbrauerei GmbH / Zum Uerige
11;Yazoo Brewing Company
12;Free State Brewing Co.
13;Fordham Brewing Company
14;Victory Brewing Company
15;Mother's Brewing Company
16;Rising Tide Brewing Company
17;Tuckerman Brewing Co.
18;Hops & Grain
19;August Schell Brewing Company
20;Privatbrauerei Frankenheim
21;Metropolitan Brewing
22;Brauerei Diebels GmbH & Co KG
23;Mission Brewery
24;Hövels Hausbrauerei
25;Evolution Craft Brewing Company
26;Cheboygan Brewing Company
27;Les Trois Mousquetaires
28;Driftwood Brewery
29;Rahr & Sons Brewing Company
30;Grimm Brothers Brewhouse
31;Beau's All Natural Brewing Company
32;Buzzards Bay Brewing
33;Rush River Brewing Company
34;Brauerei Im Füchschen
35;O'Fallon Brewery
36;Blue Mountain Brewery
37;COAST Brewing Company
38;Detroit Beer Co.
39;Dogfish Head Brewery
40;Central Waters Brewing Company
41;Great Divide Brewing Company
42;Victory Brewing Company
43;Three Floyds Brewing Co. & Brewpub
44;Lagunitas Brewing Company
45;AleSmith Brewing Company
46;Tröegs Brewing Company
47;Rogue Ales
48;Hair of the Dog Brewing Company / Brewery and Tasting Room
49;Firestone Walker Brewing Co.
50;Uinta Brewing Company
51;Brasserie Dieu Du Ciel
52;Uinta Brewing Company
53;Green Flash Brewing Co.
54;21st Amendment Brewery
55;Boulder Beer / Wilderness Pub
56;Alpine Beer Company
57;Boston Beer Company (Samuel Adams)
58;Real Ale Brewing Company
59;East End Brewing Company
60;The Duck-Rabbit Craft Brewery
61;Rock Art Brewery
62;Smuttynose Brewing Company
63;Mad River Brewing Company
64;Three Floyds Brewing Co. & Brewpub
65;Great Divide Brewing Company
66;Nøgne Ø - Det Kompromissløse Bryggeri A/S
67;AleSmith Brewing Company
68;DuClaw Brewing Company
69;Mikkeller ApS
70;Santa Fe Brewing Company
71;Big Sky Brewing Company
72;Moylan's Brewery
73;Middle Ages Brewing Co., Ltd.
74;Berkshire Brewing Company Inc.
75;Blue Point Brewing Company
76;Free State Brewing Co.
77;Firestone Walker Brewing Co.
78;Weyerbacher Brewing Co.
79;Weyerbacher Brewing Co.
80;Pelican Pub & Brewery
81;Anchor Brewing Company
82;Firestone Walker Brewing Co.
83;Deschutes Brewery
84;Midnight Sun Brewing Co.
85;Flying Dog Brewery
86;Kuhnhenn Brewing Company
87;J.W. Lees & Co (Brewers) Ltd
88;Dry Dock Brewing Co.
89;J.W. Lees & Co (Brewers) Ltd
90;J.W. Lees & Co (Brewers) Ltd
91;Rock Art Brewery
92;J.W. Lees & Co (Brewers) Ltd
93;Olde Hickory Brewery
94;Ridgeway Brewing
95;Lift Bridge Brewery
96;Shipyard Brewing Co.
97;Brouwerij De Molen
98;Shipyard Brewing Co.
99;Flossmoor Station Restaurant & Brewery
100;Fuller Smith & Turner PLC
101;Pelican Pub & Brewery
102;Stoudts Brewing Co.
103;Fuller Smith & Turner PLC
104;Wychwood Brewery Company Ltd
105;Left Hand Brewing Company
106;Southern Tier Brewing Company
107;Shipyard Brewing Co.
108;Greene King / Morland Brewery
109;AleSmith Brewing Company
110;Stoudts Brewing Co.
111;Three Floyds Brewing Co. & Brewpub
112;Yards Brewing Co.
113;Foster's Group Limited
114;Anderson Valley Brewing Company
115;Green Man Brewery
116;SweetWater Brewing Company
117;Ska Brewing Co.
118;Short's Brewing Company
119;Gritty McDuff's Brewing Company
120;Shepherd Neame Ltd
121;French Broad Brewing Co.
122;Middle Ages Brewing Co., Ltd.
123;Great Lakes Brewing Company
124;Rock Art Brewery
125;Elysian Brewing Company
126;Woodstock Inn Brewery
127;Gritty McDuff's Brewing Company
128;Deschutes Brewery
129;Elevator Brewery & Draught Haus
130;Propeller Brewery
131;Blue Mountain Brewery
132;George Bateman and Son Ltd. / Batemans Brewery
133;Grand Teton Brewing Co.
134;Adnams plc, Sole Bay Brewery
135;Driftwood Brewery
136;Goose Island Beer Co.
137;Fuller Smith & Turner PLC
138;Coniston Brewing Co. Ltd
139;Shepherd Neame Ltd
140;Rogue Ales
141;City Steam Brewery Café
142;Greene King / Morland Brewery
143;Foster's Group Limited
144;Victory Brewing Company
145;Sharp's Brewery
146;Two Brothers Brewing Company
147;Gritty McDuff's Brewing Company
148;Greene King / Morland Brewery
149;Hop Back Brewery plc
150;Belhaven Brewery Company Ltd.
151;Adnams plc, Sole Bay Brewery
152;D.L. Geary Brewing Company
153;W.H. Brakspear & Sons plc
154;Wychwood Brewery Company Ltd
155;Marshall Brewing Company
156;St. Peter's Brewery Co Ltd
157;Brouwerij De Molen
158;Carlsberg-Tetley Brewing Ltd
159;Wellington County Brewery
160;Sly Fox Brewing Company
161;Robert Cain & Company Limited
162;Ridgeway Brewing
163;Cricket Hill Brewing Co.
164;Hog's Back Brewery
165;Coniston Brewing Co. Ltd
166;RCH Brewery
167;Dark Star Brewing Company Limited
168;Samuel Smith Old Brewery (Tadcaster)
169;Hair of the Dog Brewing Company / Brewery and Tasting Room
170;St. Peter's Brewery Co Ltd
171;Castle Eden & Camerons Brewing Company Ltd
172;George Gale & Company Ltd
173;Strangford Lough Brewing Company Ltd
174;Hook Norton Brewery Co. Ltd.
175;Minneapolis Town Hall Brewery
176;Adnams plc, Sole Bay Brewery
177;Brouwerij Bosteels
178;Mikkeller ApS
179;Brouwerij De Landtsheer NV
180;Brouwerij De Landtsheer NV
181;Cobra Beer Partnership Limited
182;Cervejaria Sudbrack Ltda
183;"Pivovarský D&#367;m"
184;Cervejaria Sudbrack Ltda
185;Victory Brewing Company
186;Sixpoint Brewery
187;Kona Brewing Co.
188;Deschutes Brewery
189;Flying Dog Brewery
190;Shipyard Brewing Co.
191;Real Ale Brewing Company
192;Alexander Keith's
193;Great Divide Brewing Company
194;Southern Star Brewing Company
195;Flying Fish Brewing Company
196;Magic Hat Brewing Company
197;Widmer Brothers Brewing Company
198;Ska Brewing Co.
199;Two Brothers Brewing Company
200;Blue Point Brewing Company
201;Russian River Brewing Company
202;Half Acre Beer Company
203;Heavy Seas Beer
204;Uinta Brewing Company
205;Big Sky Brewing Company
206;Pabst Brewing Company
207;Molson Coors Canada
208;Fulton Beer
209;River Horse Brewing Co.
210;Lawson's Finest Liquids
211;Thomas Hooker Brewing Company
212;DuClaw Brewing Company
213;New Orleans Lager & Ale Brewing Company (NOLA)
214;Alamo Beer Co.
215;Mayflower Brewing Company
216;Abbaye de Leffe S.A.
217;Brouwerij De Smedt / Brouwerij Affligem
218;Brouwerij Westvleteren (Sint-Sixtusabdij van Westvleteren)
219;The Lost Abbey
220;Brouwerij Alken-Maes
221;Brouwerij Duvel Moortgat NV
222;Brasserie Caracole
223;Bierbrouwerij De Koningshoeven B.V.
224;Brouwerij Van Steenberge N.V.
225;Brouwerij Van Honsebrouck N.V.
226;Brasserie de l'Abbaye du Val-Dieu
227;Brasserie St. Feuillien
228;Brouwerij Kerkom
229;Brouwerij Hof Ten Dormaal
230;Brouwerij Haacht NV
231;Perennial Artisan Ales
232;BottleTree Beer Co.
233;Brasserie La Binchoise (Malterie des Remparts)
234;Brasserie De Brunehaut
235;Brouwerij Palm NV
236;Brasserie Lefèbvre SA
237;Brasserie Du Bocq
238;Brouwerij Contreras
239;Old Forge Brewing Company
240;Brouwerij Smisje
241;Brouwerij De Koninck NV
242;Brasserie Meteor
243;Brouwerij Roman N.V.
244;Brouwerij Huyghe
245;Brasserie Val De Sambre
246;Brouwerij Van Viven
247;Choc Beer Co. / Pete's Place
248;Brouwerij Van den Bossche
249;Tröegs Brewing Company
250;Spaten-Franziskaner-Bräu
251;Paulaner Brauerei GmbH & Co. KG
252;Bayerische Staatsbrauerei Weihenstephan
253;Brauerei Schloss Eggenberg
254;Boston Beer Company (Samuel Adams)
255;Klosterbrauerei Andechs
256;Dark Horse Brewing Company
257;Kulmbacher Brauerei AG
258;Thomas Hooker Brewing Company
259;Smuttynose Brewing Company
260;Tommyknocker Brewery
261;Capital Brewery
262;Klosterbrauerei Weltenburg
263;Utah Brewers Cooperative
264;Victory Brewing Company
265;Brauerei Schloss Eggenberg
266;Atwater Block Brewery
267;Jack's Abby Brewing
268;Der HirschBrau/Privatbrauerei Höss
269;Trader Joe's Brewing Company
270;The Duck-Rabbit Craft Brewery
271;Klosterbrauerei Ettal / Ettaler Klosterbetriebe GmbH
272;Capital Brewery
273;Brauerei Schloss Eggenberg
274;Brauerei Tucher Brau
275;Kuhnhenn Brewing Company
276;Gordon Biersch Brewery Restaurant
277;Thomas Creek Brewery
278;Les Trois Mousquetaires
279;Indian Wells Brewing Company
280;Pivovar Náchod a.s.
281;Einstök Ölgerð
282;Sprecher Brewing Company
283;Pennsylvania Brewing Company
284;Christian Moerlein Brewing Company
285;Einbecker Brauhaus AG
286;Brauerei Hofstetten Krammer GmbH & Co. KG
287;Grand Teton Brewing Co.
288;Fireman's Brew, Inc.
289;Weisses Bräuhaus G. Schneider & Sohn GmbH
290;Kuhnhenn Brewing Company
291;Kuhnhenn Brewing Company
292;High Point Brewing Company
293;Brauerei Hofstetten Krammer GmbH & Co. KG
294;Southampton Publick House
295;Micro-Brasserie L'Alchimiste
296;Schorschbräu
297;Schorschbräu
298;Le Bilboquet, Brasseur Artisan
299;Schorschbräu
300;Lodi Beer Company
301;Sly Fox Brewing Company
302;Aarhus Bryghus
303;Rogue Ales
304;Abita Brewing Co.
305;Abita Brewing Co.
306;Hofbräuhaus München
307;New Glarus Brewing Company
308;Rogue Ales
309;Genesee Brewing Co. / Dundee Brewing Co.
310;Summit Brewing Company
311;Einbecker Brauhaus AG
312;Brauerei Schloss Eggenberg
313;Gordon Biersch Brewery Restaurant
314;Boulevard Brewing Co.
315;Capital Brewery
316;Narragansett Brewing Co.
317;Berkshire Brewing Company Inc.
318;Stoudts Brewing Co.
319;Sprecher Brewing Company
320;Gordon Biersch Brewery Restaurant
321;Hacker-Pschorr Bräu GmbH
322;Rahr & Sons Brewing Company
323;Starr Hill Brewery
324;Pivovar Náchod a.s.
325;Klosterbrauerei Andechs
326;Spaten-Franziskaner-Bräu
327;Atwater Block Brewery
328;Les Trois Mousquetaires
329;Pennsylvania Brewing Company
330;Southampton Publick House
331;The Olde Mecklenburg Brewery
332;Mahrs-Bräu
333;Free State Brewing Co.
334;Brauerei Hofstetten Krammer GmbH & Co. KG
335;Foothills Brewing Company
336;High Point Brewing Company
337;Bayern Brewing, Inc.
338;Boston Beer Company (Samuel Adams)
339;Spoetzl Brewery
340;Boston Beer Company (Samuel Adams)
341;Anheuser-Busch
342;Boston Beer Company (Samuel Adams)
343;New Glarus Brewing Company
344;Boston Beer Company (Samuel Adams)
345;Pennsylvania Brewing Company
346;Saint Arnold Brewing Company
347;Breckenridge Brewery
348;Genesee Brewing Co. / Dundee Brewing Co.
349;Einbecker Brauhaus AG
350;Bierbrouwerij De Koningshoeven B.V.
351;Mahrs-Bräu
352;Cervecería Cuauhtémoc Moctezuma, S.A. de C.V.
353;August Schell Brewing Company
354;Millstream Brewing Company
355;Matt Brewing Company
356;Granite City Food & Brewery
357;Atwater Block Brewery
358;Creemore Springs Brewery Limited
359;Rock Art Brewery
360;Minhas Craft Brewery
361;Browar Amber
362;Amarcord Birra Artigianale Italiana
363;Jopen Bier BV Haarlem
364;Kulmbacher Brauerei AG
365;Red Oak Brewery
366;Brasserie d'Achouffe
367;Bierbrouwerij Sint Christoffel B.V
368;Aass Brewery
369;Lion Brewery, Inc.
370;Micro-Brasserie L'Alchimiste
371;Dreher Brewery
372;Weisses Bräuhaus G. Schneider & Sohn GmbH
373;Bayerische Staatsbrauerei Weihenstephan
374;Victory Brewing Company
375;Lagunitas Brewing Company
376;Erdinger Weissbräu
377;High Point Brewing Company
378;Weisses Bräuhaus G. Schneider & Sohn GmbH
379;Live Oak Brewing Company
380;Mahrs-Bräu
381;Brauerei Michael Plank
382;Brauerei Michael Plank
383;Le Trou Du Diable
384;Les Trois Mousquetaires
385;Cervejaria Sudbrack Ltda
386;Fat Heads Brewery & Saloon
387;Peak Organic Brewing Company
388;Atwater Block Brewery
389;Bayern Brewing, Inc.
390;Weissbierbrauerei Hopf
391;Rahr & Sons Brewing Company
392;Pennsylvania Brewing Company
393;Appalachian Brewing Company
394;Scuttlebutt Brewing Company
395;Heineken Nederland B.V.
396;Olde Hickory Brewery
397;Heavy Seas Beer
398;Aktien-Brauerei Kaufbeuren AG
399;Blue Mountain Brewery
400;Urban Chestnut Brewing Company
401;Mill Street Brew Pub
402;Portsmouth Brewery
403;Les Brasseurs Du Temps
404;Kuhnhenn Brewing Company
405;Jackie O's Pub & Brewery
406;The People's Pint
407;Dansk Mjød A/S
408;Portsmouth Brewery
409;Rabbit's Foot Meadery
410;Valkyrie Brewing
411;White Winter Winery, Inc.
412;Mountain Sun Pub & Brewery
413;Crabtree Brewing Company
414;White Winter Winery, Inc.
415;South Street Brewery
416;Saku Brewery LTD
417;Craftsman Brewing Co.
418;Russian River Brewing Company
419;Victory Brewing Company
420;Russian River Brewing Company
421;Dogfish Head Brewery
422;Dogfish Head Brewery
423;Rogue Ales
424;Big Sky Brewing Company
425;Smuttynose Brewing Company
426;Surly Brewing Company
427;Lagunitas Brewing Company
428;Brooklyn Brewery
429;Avery Brewing Company
430;Surly Brewing Company
431;Founders Brewing Company
432;Kona Brewing Co.
433;Abita Brewing Co.
434;Tommyknocker Brewery
435;Tyranena Brewing Company
436;Anchor Brewing Company
437;Short's Brewing Company
438;Hill Farmstead Brewery
439;The Duck-Rabbit Craft Brewery
440;Yazoo Brewing Company
441;Tommyknocker Brewery
442;Bear Republic Brewing Co.
443;Short's Brewing Company
444;Lonerider Brewing
445;Firestone Walker Brewing Co.
446;Boulder Beer / Wilderness Pub
447;Ale Asylum
448;Half Acre Beer Company
449;Abbaye de Leffe S.A.
450;Unibroue
451;River Horse Brewing Co.
452;Ithaca Beer Company
453;Brouwerij St. Bernardus NV
454;Russian River Brewing Company
455;Brasserie Artisanale De Rullés SPRL
456;Rinkuškiai Alaus Darykloje
457;Brouwerij Corsendonk
458;Brouwerij Kerkom
459;Lift Bridge Brewery
460;Karl Strauss Brewing Company
461;Weyerbacher Brewing Co.
462;Brouwerij De Koninck NV
463;Brouwerij Haacht NV
464;Brasserie Thiriez
465;Cathedral Square Brewery
466;Abbaye de Leffe S.A.
467;The Brewer's Art
468;North by Northwest Restaurant & Brewery
469;Brasserie Artisanale De Rullés SPRL
470;Black Raven Brewing Co.
471;Abbaye de Leffe S.A.
472;North by Northwest Restaurant & Brewery
473;Brouwerij Contreras
474;Ladyface Ale Companie
475;Samuel Smith Old Brewery (Tadcaster)
476;Cigar City Brewing
477;Abita Brewing Co.
478;Lazy Magnolia Brewing Company
479;New Glarus Brewing Company
480;Cigar City Brewing
481;AleSmith Brewing Company
482;Lost Coast Brewery and Cafe
483;Weyerbacher Brewing Co.
484;SweetWater Brewing Company
485;Long Trail Brewing Co.
486;Dark Horse Brewing Company
487;Cigar City Brewing
488;Tröegs Brewing Company
489;Black Toad Brewing Co.
490;Legend Brewing Co.
491;Real Ale Brewing Company
492;Ithaca Beer Company
493;Woodstock Inn Brewery
494;Jackie O's Pub & Brewery
495;Peak Organic Brewing Company
496;Short's Brewing Company
497;Big Boss Brewing
498;DuClaw Brewing Company
499;Upslope Brewing Company
500;Nebraska Brewing Company
501;Santa Fe Brewing Company
502;Saint Arnold Brewing Company
503;Back Forty Beer Co.
504;Ska Brewing Co.
505;Flossmoor Station Restaurant & Brewery
506;Arcadia Brewing Company
507;Alaskan Brewing Co.
508;Big Rock Brewery
509;Brau Brothers Brewing Co. LLC
510;Moat Mountain Smoke House & Brewing Co.
511;Shipyard Brewing Co.
512;D.L. Geary Brewing Company
513;Sprecher Brewing Company
514;Empyrean Brewing Company
515;Anchor Brewing Company
516;Toppling Goliath Brewing Company
517;Furthermore Beer
518;Local Option
519;Steamworks Brewing Co.
520;Short's Brewing Company
521;Peekskill Brewery
522;Cismontane Brewing Company
523;Ölvisholt Brugghús
524;Mountain Goat Beer Pty Ltd
525;Sierra Blanca Brewing Company (Rio Grande)
526;Liberty Street Brewing Company
527;Beer Works
528;Lake Louie Brewery Company
529;Portsmouth Brewing Co. / Mault's Brewpub
530;Aviator Brewing Company
531;Anaheim Brewery
532;Linden Street Brewery
533;Palmetto Brewing Company
534;Sun King Brewing Company
535;Dogfish Head Brewery
536;Rogue Ales
537;Twisted Pine Brewing Company
538;5 Rabbit Cerveceria
539;Twisted Pine Brewing Company
540;Upright Brewing Company
541;Bent River Brewing Company
542;Horseheads Brewing Inc.
543;Sierra Blanca Brewing Company (Rio Grande)
544;Wynkoop Brewing Company
545;Asheville Brewing Company
546;Twisted X Brewing Company
547;Throwback Brewery
548;Six Rivers Brewery
549;Weston Brewing Company & O'Malley's Pub
550;Midtfyns Bryghus
551;Tommyknocker Brewery
552;Valkyrie Brewing
553;Coopersmith's Pub & Brewing
554;Fitger's Brewhouse
555;Great Dane Pub & Brewing Company (Downtown)
556;Microbrasserie du Lièvre
557;Dragonmead Microbrewery
558;Flat Branch Pub & Brewery
559;Calapooia Brewing Company
560;New Glarus Brewing Company
561;Anderson Valley Brewing Company
562;Genesee Brewing Co. / Dundee Brewing Co.
563;Greene King / Morland Brewery
564;Sun King Brewing Company
565;Terrapin Beer Company
566;Hudepohl-Schoenling Brewing Co.
567;Foothills Brewing Company
568;Pelican Pub & Brewery
569;Erie Brewing Co.
570;Muskoka Brewery
571;Alltech’s Lexington Brewing and Distilling Co.
572;Sleeman Breweries Ltd.
573;Grey Sail Brewing of Rhode Island
574;Thomas Creek Brewery
575;Bold City Brewery
576;Swamp Head Brewery & Tasting Room
577;Mike Hess Brewing
578;Blitz-Weinhard Brewing Co.
579;Furthermore Beer
580;Cameron's Brewing Co.
581;Crow Peak Brewing
582;Empire Brewing Company
583;Granville Island Brewery
584;Bières de Chimay S.A.
585;Unibroue
586;Brewery Ommegang
587;Brouwerij Westmalle
588;Brasserie de Rochefort
589;Brouwerij St. Bernardus NV
590;New Belgium Brewing
591;Brouwerij Westvleteren (Sint-Sixtusabdij van Westvleteren)
592;Goose Island Beer Co.
593;Allagash Brewing Company
594;Brouwerij St. Bernardus NV
595;Brouwerij Corsendonk
596;Brouwerij Alken-Maes
597;Bierbrouwerij De Koningshoeven B.V.
598;Brouwerij der St. Benedictusabdij de Achelse
599;The Lost Abbey
600;Flying Fish Brewing Company
601;Brouwerij Van Steenberge N.V.
602;Brouwerij De Smedt / Brouwerij Affligem
603;Abita Brewing Co.
604;The Brewer's Art
605;Anderson Valley Brewing Company
606;Brasserie de l'Abbaye du Val-Dieu
607;Brasserie St. Feuillien
608;Uncommon Brewers
609;Russian River Brewing Company
610;Brouwerij Van Steenberge N.V.
611;Brouwerij Sterkens N.V.
612;Brouwerij Straffe Hendrik / Huisbrouwerij De Halve Maan
613;Sierra Nevada Brewing Co.
614;Brewery Vivant
615;Crown Valley Brewing & Distilling Co.
616;Captain Lawrence Brewing Co.
617;Straight To Ale
618;Devils Backbone Brewing Company
619;Brasserie De Brunehaut
620;Microbrasserie Charlevoix
621;Blue Mountain Brewery
622;Brouwerij Sterkens N.V.
623;Brouwerij 't IJ
624;Green's Gluten Free Beers
625;Jolly Pumpkin Artisan Ales
626;Two Brothers Brewing Company
627;BFM Brasserie Des Franches-Montagnes
628;The Lost Abbey
629;The Lost Abbey
630;Jolly Pumpkin Artisan Ales
631;Jolly Pumpkin Artisan Ales
632;Russian River Brewing Company
633;Brewery Ommegang
634;Southampton Publick House
635;Brasserie Duyck
636;Les Brasseurs de Gayant
637;Brasserie Castelain
638;Southern Star Brewing Company
639;Brewery Vivant
640;Brasserie La Choulette
641;Brasserie Duyck
642;Les Brasseurs de Gayant
643;Leelanau Brewing Company
644;Southampton Publick House
645;Lakefront Brewery, Inc.
646;Brasserie Castelain
647;Brasserie La Choulette
648;Oxbow Brewing Company
649;Brasserie Castelain
650;Brasserie La Choulette
651;Brasserie Duyck
652;Southampton Publick House
653;Brasserie Thiriez
654;Brasserie La Choulette
655;Choc Beer Co. / Pete's Place
656;Brasserie Duyck
657;Dogfish Head Brewery
658;Malmgårdin Panimo
659;Lammin Sahti Oy
660;Lammin Sahti Oy
661;Finlandia Sahti Ky
662;Vintage Brewing Company
663;Malmgårdin Panimo
664;Finlandia Sahti Ky
665;Lammin Sahti Oy
666;Brewery Ommegang
667;Boulevard Brewing Co.
668;Goose Island Beer Co.
669;Brasserie Dupont sprl
670;Boulevard Brewing Co.
671;Brooklyn Brewery
672;Hill Farmstead Brewery
673;Brasserie Fantôme
674;Goose Island Beer Co.
675;Great Divide Brewing Company
676;Hill Farmstead Brewery
677;Dogfish Head Brewery
678;Logsdon Farmhouse Ales
679;Brasserie Dupont sprl
680;Firestone Walker Brewing Co.
681;Jolly Pumpkin Artisan Ales
682;Allagash Brewing Company
683;North Coast Brewing Co.
684;Crooked Stave Artisan Beer Project
685;Stillwater Artisanal Ales
686;Three Floyds Brewing Co. & Brewpub
687;Victory Brewing Company
688;The Lost Abbey
689;Stillwater Artisanal Ales
690;Jolly Pumpkin Artisan Ales
691;Brasserie St. Feuillien
692;The Lost Abbey
693;Anchorage Brewing Company
694;Brasserie Dupont sprl
695;Jester King Craft Brewery
696;Hill Farmstead Brewery
697;Magic Hat Brewing Company
698;Boston Beer Company (Samuel Adams)
699;New Glarus Brewing Company
700;Jacob Leinenkugel Brewing Company
701;Founders Brewing Company
702;New Glarus Brewing Company
703;Abita Brewing Co.
704;21st Amendment Brewery
705;Founders Brewing Company
706;Unibroue
707;The Bruery
708;New Glarus Brewing Company
709;Dogfish Head Brewery
710;Founders Brewing Company
711;Abita Brewing Co.
712;Boston Beer Company (Samuel Adams)
713;Spoetzl Brewery
714;Dogfish Head Brewery
715;Dogfish Head Brewery
716;Short's Brewing Company
717;SweetWater Brewing Company
718;Pyramid Breweries, Inc.
719;Stieglbrauerei zu Salzburg GmbH
720;Lost Coast Brewery and Cafe
721;Cigar City Brewing
722;Terrapin Beer Company
723;Ithaca Beer Company
724;Harpoon Brewery
725;RJ Rockers Brewing Company
726;Fat Heads Brewery & Saloon
727;Long Trail Brewing Co.
728;Dark Horse Brewing Company
729;Blue Point Brewing Company
730;Lakefront Brewery, Inc.
731;Brouwerij Huyghe
732;Buffalo Bill's Brewery
733;Shipyard Brewing Co.
734;Williams Brothers Brewing Company
735;Williams Brothers Brewing Company
736;Williams Brothers Brewing Company
737;Williams Brothers Brewing Company
738;Williams Brothers Brewing Company
739;Professor Fritz Briem
740;Brasserie Dupont sprl
741;Jopen Bier BV Haarlem
742;Beau's All Natural Brewing Company
743;Moonlight Brewing Company
744;Magnolia Pub & Brewery
745;Cairngorm Brewery Company, The
746;Kuhnhenn Brewing Company
747;Moonlight Brewing Company
748;Moonlight Brewing Company
749;Brasserie Dieu Du Ciel
750;Triumph Brewing Company
751;Dragonmead Microbrewery
752;Upright Brewing Company
753;Kirin Brewery Company, Limited
754;Suntory
755;Asahi Breweries Ltd
756;Asahi Breweries Ltd
757;Kirin Brewery Company, Limited
758;Asahi Breweries Ltd
759;Orion Beer Co., Ltd.
760;Sapporo Breweries Ltd.
761;Land Beer
762;Orion Beer Co., Ltd.
763;Kirin Brewery Company, Limited
764;Helios Distillery Co., Ltd.
765;Asahi Breweries Ltd
766;Kirin Brewery Company, Limited
767;Kirin Brewery Company, Limited
768;Suntory
769;Asahi Breweries Ltd
770;Kirin Brewery Company, Limited
771;Kirin Brewery Company, Limited
772;Sapporo Breweries Ltd.
773;Asahi Breweries Ltd
774;Orion Beer Co., Ltd.
775;Suntory
776;Dogfish Head Brewery
777;Dogfish Head Brewery
778;Left Hand Brewing Company
779;Rogue Ales
780;Breckenridge Brewery
781;Brasserie Dieu Du Ciel
782;Dogfish Head Brewery
783;Yards Brewing Co.
784;Kiuchi Brewery
785;Arcadia Brewing Company
786;Alpine Beer Company
787;New Holland Brewing Company
788;Shipyard Brewing Co.
789;Birrificio Le Baladin
790;Bison Brewing
791;Copper Kettle Brewing Company
792;Bison Brewing
793;Allentown Brew Works
794;Nøgne Ø - Det Kompromissløse Bryggeri A/S
795;Mill Street Brew Pub
796;Wychwood Brewery Company Ltd
797;Mikkeller ApS
798;BFM Brasserie Des Franches-Montagnes
799;Thomas Hooker Brewing Company
800;Ballast Point Brewing Company
801;Dogfish Head Brewery
802;Sierra Nevada Brewing Co.
803;Sierra Nevada Brewing Co.
804;Lagunitas Brewing Company
805;Cigar City Brewing
806;Founders Brewing Company
807;Founders Brewing Company
808;Victory Brewing Company
809;Russian River Brewing Company
810;Surly Brewing Company
811;Maine Beer Company
812;Deschutes Brewery
813;Ithaca Beer Company
814;Smuttynose Brewing Company
815;Dogfish Head Brewery
816;Founders Brewing Company
817;Alpine Beer Company
818;Fat Heads Brewery & Saloon
819;Uinta Brewing Company
820;Ballast Point Brewing Company
821;AleSmith Brewing Company
822;Great Divide Brewing Company
823;Alpine Beer Company
824;Boston Beer Company (Samuel Adams)
825;Victory Brewing Company
826;Dogfish Head Brewery
827;Sierra Nevada Brewing Co.
828;SweetWater Brewing Company
829;Terrapin Beer Company
830;Anchor Brewing Company
831;Flying Dog Brewery
832;Oskar Blues Grill & Brew
833;21st Amendment Brewery
834;Dark Horse Brewing Company
835;Odell Brewing Company
836;Anderson Valley Brewing Company
837;Avery Brewing Company
838;Flying Dog Brewery
839;Lagunitas Brewing Company
840;Brasserie d'Achouffe
841;Green Flash Brewing Co.
842;Deschutes Brewery
843;Anchorage Brewing Company
844;Allagash Brewing Company
845;De Leyerth Brouwerijen (Urthel)
846;Otter Creek Brewing / Wolaver's
847;Ale Asylum
848;Brouwerij Het Anker
849;Brasserie Dieu Du Ciel
850;Cambridge Brewing Company
851;Matt Brewing Company
852;Smuttynose Brewing Company
853;Brewery Vivant
854;Brasserie Lefèbvre SA
855;Nebraska Brewing Company
856;Kuhnhenn Brewing Company
857;Short's Brewing Company
858;Blue Point Brewing Company
859;Coronado Brewing Company
860;Peace Tree Brewing Co.
861;Picobrouwerij Alvinne / Den Bierzolder
862;White Birch Brewing
863;Kuhnhenn Brewing Company
864;21st Amendment Brewery
865;Victory Brewing Company
866;New Belgium Brewing
867;Clown Shoes
868;Deschutes Brewery
869;Dark Horse Brewing Company
870;Widmer Brothers Brewing Company
871;Heavy Seas Beer
872;Greenbush Brewing Company
873;Bear Republic Brewing Co.
874;Tommyknocker Brewery
875;Blue Point Brewing Company
876;Hill Farmstead Brewery
877;Surly Brewing Company
878;Rogue Ales
879;Keweenaw Brewing Company
880;New Holland Brewing Company
881;Arcadia Brewing Company
882;Peak Organic Brewing Company
883;RJ Rockers Brewing Company
884;Short's Brewing Company
885;Flying Monkeys Craft Brewery
886;Hill Farmstead Brewery
887;Harpoon Brewery
888;Great Lakes Brewing Company
889;Brooklyn Brewery
890;Rogue Ales
891;Samuel Smith Old Brewery (Tadcaster)
892;Three Floyds Brewing Co. & Brewpub
893;Magic Hat Brewing Company
894;Shipyard Brewing Co.
895;Flying Fish Brewing Company
896;Berkshire Brewing Company Inc.
897;Arcadia Brewing Company
898;Fulton Beer
899;Meantime Brewing Company Limited
900;Green Man Brewery
901;Kiuchi Brewery
902;Boulder Beer / Wilderness Pub
903;Ridgeway Brewing
904;Toppling Goliath Brewing Company
905;Middle Ages Brewing Co., Ltd.
906;St. Peter's Brewery Co Ltd
907;Federal Jack's Restaurant & Brew Pub
908;Cricket Hill Brewing Co.
909;Fuller Smith & Turner PLC
910;O'Connor Brewing Co.
911;Museum Brewing Company / White Shield Brewery
912;Sea Dog Brewing Company
913;Granite City Food & Brewery
914;The Caledonian Brewing Company
915;Southampton Publick House
916;Greene King / Morland Brewery
917;Carolina Brewery
918;McAuslan Brewing
919;St. Austell Brewery
920;Railway City Brewing Company
921;McNeill's Brewery
922;Trinity Brewhouse
923;St. George Brewing Company, The
924;Dogfish Head Brewery
925;Russian River Brewing Company
926;Lagunitas Brewing Company
927;Dogfish Head Brewery
928;Green Flash Brewing Co.
929;Lagunitas Brewing Company
930;Firestone Walker Brewing Co.
931;Dogfish Head Brewery
932;Founders Brewing Company
933;Sierra Nevada Brewing Co.
934;Three Floyds Brewing Co. & Brewpub
935;Avery Brewing Company
936;Lagunitas Brewing Company
937;Founders Brewing Company
938;Southern Tier Brewing Company
939;Surly Brewing Company
940;Great Divide Brewing Company
941;Tröegs Brewing Company
942;Alpine Beer Company
943;Three Floyds Brewing Co. & Brewpub
944;Russian River Brewing Company
945;Southern Tier Brewing Company
946;Lagunitas Brewing Company
947;Odell Brewing Company
948;Oskar Blues Grill & Brew
949;Ballast Point Brewing Company
950;Dark Horse Brewing Company
951;Great Lakes Brewing Company
952;Green Flash Brewing Co.
953;Deschutes Brewery
954;Lawson's Finest Liquids
955;Stone Brewing Co.
956;Lagunitas Brewing Company
957;Fat Heads Brewery & Saloon
958;Breckenridge Brewery
959;The Alchemist
960;Hill Farmstead Brewery
961;Hill Farmstead Brewery
962;Fiddlehead Brewing Company
963;Ochakovo
964;All Stars Bakery
965;Monastyrskiy Kvas
966;Beaver Brewing Company
967;Baltika Breweries
968;Deka Brewery
969;Slavutych Brewery
970;Gubernija Brewery
971;Monastyrskiy Kvas
972;Tempo Beer Industries LTD
973;Obolon Brewery
974;Pivovarinniy Zavod Samko
975;Monastyrskiy Kvas
976;Darl, Tov
977;Darl, Tov
978;Darl, Tov
979;Israel Beer Breweries Ltd.
980;Vofas-Engelman
981;Borodino ZAO
982;Radomyshlskij Pivovarennyj Zavod
983;SP Etrus
984;Goose Island Beer Co.
985;Brauerei Heinrich Reissdorf
986;Privatbrauerei Gaffel Becker & Co.
987;Saint Arnold Brewing Company
988;Boston Beer Company (Samuel Adams)
989;New Holland Brewing Company
990;Saint Arnold Brewing Company
991;Three Floyds Brewing Co. & Brewpub
992;Brauerei Früh Am Dom
993;Gebr. Sünner GmbH & Co. KG
994;Captain Lawrence Brewing Co.
995;Pyramid Breweries, Inc.
996;Matt Brewing Company
997;Sierra Nevada Brewing Co.
998;Metropolitan Brewing
999;COAST Brewing Company
1000;Stoudts Brewing Co.
1001;Mother Earth Brewing
1002;Beau's All Natural Brewing Company
1003;D.L. Geary Brewing Company
1004;Lancaster Brewing Company
1005;Genesee Brewing Co. / Dundee Brewing Co.
1006;Blue Mountain Brewery
1007;Uinta Brewing Company
1008;Spoetzl Brewery
1009;French Broad Brewing Co.
1010;Berkshire Brewing Company Inc.
1011;Short's Brewing Company
1012;Rock Bottom Restaurant & Brewery
1013;Big Boss Brewing
1014;Trader Joe's Brewing Company
1015;Four Peaks Brewing Company
1016;Anheuser-Busch
1017;Pabst Brewing Company
1018;Grupo Modelo S.A. de C.V.
1019;Miller Brewing Co.
1020;Desnoes & Geddes Limited
1021;Latrobe Brewing Co.
1022;Cervecería Cuauhtémoc Moctezuma, S.A. de C.V.
1023;Grupo Modelo S.A. de C.V.
1024;Miller Brewing Co.
1025;Labatt Brewing Company Ltd.
1026;Foster's Group Limited
1027;Cervecería Cuauhtémoc Moctezuma, S.A. de C.V.
1028;Margaritaville Brewing Co.
1029;Molson Coors Canada
1030;Anheuser-Busch
1031;Cervecería Cuauhtémoc Moctezuma, S.A. de C.V.
1032;Anheuser-Busch
1033;Narragansett Brewing Co.
1034;Miller Brewing Co.
1035;Coors Brewing Company
1036;Anheuser-Busch
1037;Hamm's Brewing Co.
1038;Pabst Brewing Company
1039;Pabst Brewing Company
1040;Cerveceria Nacional Dominicana
1041;Miller Brewing Co.
1042;Miller Brewing Co.
1043;Coors Brewing Company
1044;Pabst Brewing Company
1045;Miller Brewing Co.
1046;Genesee Brewing Co. / Dundee Brewing Co.
1047;Jacob Leinenkugel Brewing Company
1048;Pabst Brewing Company
1049;August Schell Brewing Company
1050;Cervecería Cuauhtémoc Moctezuma, S.A. de C.V.
1051;Cerveceria Costa Rica
1052;Pabst Brewing Company
1053;Pittsburgh Brewing Co.
1054;JOS. Schlitz Brewing Co. (Pabst)
1055;United Breweries - UB Group
1056;Molson Coors Canada
1057;Lion Brewery, Inc.
1058;Carib Brewery Limited
1059;Birra Peroni Industriale S.p.A.
1060;UNICER União Cervejeira S.A.
1061;Brooklyn Brewery
1062;Blue Point Brewing Company
1063;Abita Brewing Co.
1064;Genesee Brewing Co. / Dundee Brewing Co.
1065;Lakefront Brewery, Inc.
1066;Magic Hat Brewing Company
1067;Hop City Brewing Co.
1068;Anheuser-Busch
1069;Anheuser-Busch
1070;August Schell Brewing Company
1071;Capital Brewery
1072;Molson Coors Canada
1073;Creemore Springs Brewery Limited
1074;Red Oak Brewery
1075;Rahr & Sons Brewing Company
1076;Stevens Point Brewery
1077;Sleeman Breweries Ltd.
1078;Capital Brewery
1079;August Schell Brewing Company
1080;Starr Hill Brewery
1081;AC Golden Brewing Company
1082;Cape Ann Brewing Company
1083;Anheuser-Busch
1084;Tommyknocker Brewery
1085;Lucky Bucket Brewing Co.
1086;Trader Joe's Brewing Company
1087;Hudepohl-Schoenling Brewing Co.
1088;Granville Island Brewery
1089;Rochester Mills Beer Co.
1090;Olde Hickory Brewery
1091;Genesee Brewing Co. / Dundee Brewing Co.
1092;The Defiant Brewing Company
1093;Lion Brewery, Inc.
1094;Indian Wells Brewing Company
1095;Kona Brewing Co.
1096;Sapporo Breweries Ltd.
1097;Kirin Brewery Company, Limited
1098;Moosehead Breweries Ltd.
1099;New Glarus Brewing Company
1100;Anheuser-Busch
1101;Spoetzl Brewery
1102;Spoetzl Brewery
1103;Molson Coors Canada
1104;Avery Brewing Company
1105;Minhas Craft Brewery
1106;Blitz-Weinhard Brewing Co.
1107;Capital Brewery
1108;Ska Brewing Co.
1109;Upslope Brewing Company
1110;Orange Blossom Pilsner LLC
1111;Philadelphia Brewing Company
1112;Abita Brewing Co.
1113;Tommyknocker Brewery
1114;Sleeman Breweries Ltd.
1115;Cricket Hill Brewing Co.
1116;Jacob Leinenkugel Brewing Company
1117;Great Lakes Brewing Company
1118;Three Floyds Brewing Co. & Brewpub
1119;Dortmunder Actien Brauerei / DAB
1120;Baltika Breweries
1121;Two Brothers Brewing Company
1122;VBL Tien Giang Limited (Fosters)
1123;Spoetzl Brewery
1124;UAB Švyturys
1125;Appalachian Brewing Company
1126;Thirsty Dog Brewing Company
1127;Great Lakes Brewing Company
1128;Sapporo Breweries Ltd.
1129;Spoetzl Brewery
1130;Dortmunder Actien Brauerei / DAB
1131;Flensburger Brauerei GmbH Und Co. KG
1132;Gordon Biersch Brewery Restaurant
1133;Minneapolis Town Hall Brewery
1134;Klosterbrauerei Reutberg
1135;Aktien-Brauerei Kaufbeuren AG
1136;the Nils Oscar Company
1137;Bürgerbräu Bad Reichenhall
1138;Spendrups Bryggeri AB
1139;Depot Street Brewing
1140;Herzoglich Bayerisches Brauhaus Tegernsee
1141;Kulmbacher Brauerei AG
1142;Moonlight Brewing Company
1143;UAB Švyturys
1144;Spendrups Bryggeri AB
1145;Hansa Brauerei / Namibia Breweries
1146;Howe Sound Inn & Brewing Company
1147;Dortmunder Actien Brauerei / DAB
1148;Der HirschBrau/Privatbrauerei Höss
1149;Lagerheads Smokehouse & Brewing Co.
1150;Bayreuther Bierbrauerei
1151;Hofbrauhaus Freising
1152;New Belgium Brewing
1153;Guinness Ltd.
1154;Jacob Leinenkugel Brewing Company
1155;Heineken Nederland B.V.
1156;Baltika Breweries
1157;St. Pauli Brauerei C.L. Wilh. Brandt Gmbh & Co.
1158;Brasserie Fischer / Fischer Biere d' Alsace
1159;Moonlight Brewing Company
1160;Anadolu Efes Brewery
1161;Lao Brewery Co.
1162;Short's Brewing Company
1163;Bernard Family Brewery
1164;Grupo Cervezas Alhambra, SL
1165;Greenpoint Beerworks / Kelso of Brooklyn
1166;Elevator Brewery & Draught Haus
1167;Žatecký Pivovar
1168;Royal Unibrew A/S
1169;UNICER União Cervejeira S.A.
1170;Notch Brewing
1171;Dortmunder Actien Brauerei / DAB
1172;Sociedade Central de Cervejas
1173;Obolon Brewery
1174;U Fleků Pivovaru a Restauraci
1175;Sapporo Breweries Ltd.
1176;Pivovary Staropramen
1177;Big Rock Brewery
1178;Sociedade Central de Cervejas
1179;Pivovar Náchod a.s.
1180;Asahi Breweries Ltd
1181;Cameron's Brewing Co.
1182;Heineken Nederland B.V.
1183;Stella Artois
1184;Heineken Nederland B.V.
1185;Guinness Ltd.
1186;Birra Peroni Industriale S.p.A.
1187;Grolsch Bierbrouwerij N.V.
1188;Carlsberg Danmark A/S
1189;Brasseries Kronenbourg
1190;Birra Moretti (Heineken)
1191;Boon Rawd Brewery Co., Ltd
1192;St. Pauli Brauerei C.L. Wilh. Brandt Gmbh & Co.
1193;Samuel Smith Old Brewery (Tadcaster)
1194;Asia Pacific Breweries Ltd.
1195;Zywiec Breweries PLC (Heineken)
1196;United Breweries - UB Group
1197;Damm S. A.
1198;Mythos Breweries S.A.
1199;Rogue Ales
1200;Anadolu Efes Brewery
1201;Cervecería y Maltería Quilmes / Grupo Bemberg
1202;New Zealand Breweries Limited
1203;Browar Okocim S.A. (Carlsberg)
1204;Baltika Breweries
1205;Oranjeboom Bierbrouwerij B. V.
1206;Amstel Brouwerij B. V.
1207;Sapporo Breweries Ltd.
1208;Tennent Caledonian Breweries
1209;Brasserie Piedboeuf
1210;J. Boag & Son Brewing
1211;Damm S. A.
1212;Mill Street Brew Pub
1213;Karbach Brewing Co.
1214;Tuborgs Bryggerier A/S
1215;Brauerei Göss (Brau Union)
1216;Hite Brewery Company LTD
1217;Beijing Yanjing Beer Group Corporation
1218;Lech Browary Wielkopolski (SABMiller)
1219;Baltika Breweries
1220;Royal Unibrew A/S
1221;Brasseries Du Maroc
1222;Mahou S.A.
1223;Brasserie de Tahiti S.A.
1224;Browerij Nacional Balashi
1225;Tuborgs Bryggerier A/S
1226;Carlsberg Danmark A/S
1227;Baltika Breweries
1228;Browary Warka Sp. z o.o.
1229;Ceylon / Lion Brewery Limited
1230;Grupo Cervezas Alhambra, SL
1231;Elbrewery Co. Ltd. Sp. z o.o.
1232;Rinkuškiai Alaus Darykloje
1233;Browar Okocim S.A. (Carlsberg)
1234;Royal Unibrew A/S
1235;Bierbrouwerij Sint Christoffel B.V
1236;Rinkuškiai Alaus Darykloje
1237;Les Brasseurs de Gayant
1238;Ceres Brewery (Royal Unibrew)
1239;Tennent Caledonian Breweries
1240;Alaus Darykla Kalnapilis
1241;Gubernija Brewery
1242;BOSS Browar Witnica S.A.
1243;Crest Brewing Company
1244;Rinkuškiai Alaus Darykloje
1245;Anadolu Efes Brewery
1246;Zywiec Breweries PLC (Heineken)
1247;Carlsberg Danmark A/S
1248;John Martin's (John Martin SA)
1249;Baltika Breweries
1250;Grolsch Bierbrouwerij N.V.
1251;Grupo Cruzcampo SA
1252;San Miguel Fabricas De Cervaza Y Maltas S.A.
1253;Minipivovar U Medvídků
1254;Rinkuškiai Alaus Darykloje
1255;Amstel Brouwerij B. V.
1256;Brasserie Des Gabariers (L&L Cognac SA)
1257;Rinkuškiai Alaus Darykloje
1258;Cervezas Moritz, S.A.
1259;Slavutych Brewery
1260;Baltika Breweries
1261;Royal Unibrew A/S
1262;Browar Van Pur S.A. (Brau Union Polska)
1263;Gulpener Bierbrouwerij B.V.
1264;Pivovar Náchod a.s.
1265;Bayerische Staatsbrauerei Weihenstephan
1266;Hofbräuhaus München
1267;Spaten-Franziskaner-Bräu
1268;New Glarus Brewing Company
1269;Surly Brewing Company
1270;Paulaner Brauerei GmbH & Co. KG
1271;Victory Brewing Company
1272;Löwenbräu AG
1273;Brauerei Heller-Trum / Schlenkerla
1274;Cigar City Brewing
1275;Hacker-Pschorr Bräu GmbH
1276;Three Floyds Brewing Co. & Brewpub
1277;Maui Brewing Co.
1278;Ballast Point Brewing Company
1279;Stoudts Brewing Co.
1280;Stieglbrauerei zu Salzburg GmbH
1281;Sly Fox Brewing Company
1282;Hijos De Rivera, S.A.
1283;Firestone Walker Brewing Co.
1284;Pennsylvania Brewing Company
1285;Henninger Bräu AG
1286;Devils Backbone Brewing Company
1287;Christian Moerlein Brewing Company
1288;Thomas Hooker Brewing Company
1289;Rahr & Sons Brewing Company
1290;Rahr & Sons Brewing Company
1291;Klosterbrauerei Andechs
1292;Fordham Brewing Company
1293;Hacker-Pschorr Bräu GmbH
1294;Hacker-Pschorr Bräu GmbH
1295;Klosterbrauerei Weltenburg
1296;Okanagan Spring Brewery
1297;Ninkasi Brewing Company
1298;Red Oak Brewery
1299;Der HirschBrau/Privatbrauerei Höss
1300;Ottakringer Brauerei AG
1301;Jack's Abby Brewing
1302;Jack's Abby Brewing
1303;Ballast Point Brewing Company
1304;Wolverine State Brewing Company
1305;Pyramid Breweries, Inc.
1306;Williams Brothers Brewing Company
1307;Asahi Breweries Ltd
1308;Sapporo Breweries Ltd.
1309;Orion Beer Co., Ltd.
1310;Kirin Brewery Company, Limited
1311;Lao Brewery Co.
1312;Sapporo Breweries Ltd.
1313;Uehara Shuzou Co. Ltd. / Echigo Beer Pub
1314;Asahi Breweries Ltd
1315;Kirin Brewery Company, Limited
1316;Asahi Breweries Ltd
1317;Asahi Breweries Ltd
1318;Hangzhou Xihu Beer Asahi Co. , Ltd.
1319;Sapporo Breweries Ltd.
1320;Yo-Ho Brewing Company
1321;Guangzhou Zhujiang Brewery Co. Ltd.
1322;Kirin Brewery Company, Limited
1323;Kirin Brewery Company, Limited
1324;Kirin Brewery Company, Limited
1325;Kirin Brewery Company, Limited
1326;Taiwan Tobacco & Liquor Corporation
1327;Great Divide Brewing Company
1328;Urban Chestnut Brewing Company
1329;Kulmbacher Brauerei AG
1330;Hacker-Pschorr Bräu GmbH
1331;St. Georgenbräu
1332;Creemore Springs Brewery Limited
1333;Columbus Brewing Company
1334;Private Landbrauerei Scheuerer
1335;Brauerei Max Leibinger GmbH
1336;Brouwerij Drie Fonteinen
1337;Les Trois Mousquetaires
1338;Arcobräu Gräfliches Brauhaus
1339;Stieglbrauerei zu Salzburg GmbH
1340;Brauerei Hofstetten Krammer GmbH & Co. KG
1341;Fürst Wallerstein Brauhaus
1342;Brauerei Zehendner GmbH
1343;Anheuser-Busch
1344;Miller Brewing Co.
1345;Anheuser-Busch
1346;Anheuser-Busch
1347;Boston Beer Company (Samuel Adams)
1348;Anheuser-Busch
1349;Grupo Modelo S.A. de C.V.
1350;Coors Brewing Company
1351;Anheuser-Busch
1352;Tsingtao Brewery Co., Ltd.
1353;Anheuser-Busch
1354;Amstel Brouwerij B. V.
1355;Anheuser-Busch
1356;Heineken Nederland B.V.
1357;Anheuser-Busch
1358;Miller Brewing Co.
1359;Miller Brewing Co.
1360;Labatt Brewing Company Ltd.
1361;Anheuser-Busch
1362;Anheuser-Busch
1363;Anheuser-Busch
1364;Cervecería Cuauhtémoc Moctezuma, S.A. de C.V.
1365;Anheuser-Busch
1366;Cisco Brewers Inc.
1367;Miller Brewing Co.
1368;Spoetzl Brewery
1369;Genesee Brewing Co. / Dundee Brewing Co.
1370;Pittsburgh Brewing Co.
1371;Compañía Cervecera de Puerto Rico
1372;Pabst Brewing Company
1373;Brauerei Beck & Co.
1374;Kirin Brewery Company, Limited
1375;Anheuser-Busch
1376;Spoetzl Brewery
1377;Abita Brewing Co.
1378;Desnoes & Geddes Limited
1379;Molson Coors Canada
1380;Brauerei Beck & Co.
1381;Pabst Brewing Company
1382;Cerveceria Nacional Dominicana
1383;Miller Brewing Co.
1384;Steel Brewing Company
1385;Miller Brewing Co.
1386;Pabst Brewing Company
1387;Molson Coors Canada
1388;Anheuser-Busch
1389;Anheuser-Busch
1390;Anheuser-Busch
1391;Miller Brewing Co.
1392;Saint Ides Brewing Company
1393;Miller Brewing Co.
1394;Genesee Brewing Co. / Dundee Brewing Co.
1395;Shaw Wallace & Company Ltd.
1396;JOS. Schlitz Brewing Co. (Pabst)
1397;Labatt Brewing Company Ltd.
1398;Pabst Brewing Company
1399;Steel Brewing Company
1400;Pabst Brewing Company
1401;Mohan Breweries & Distilleries Ltd
1402;Camo Brewing Company
1403;Three Floyds Brewing Co. & Brewpub
1404;Pabst Brewing Company
1405;City Brewing Company, LLC
1406;Camo Brewing Company
1407;Melanie Brewing Company
1408;Camo Brewing Company
1409;United Brands Company
1410;Molson Coors Canada
1411;City Brewing Company, LLC
1412;JOS. Schlitz Brewing Co. (Pabst)
1413;Minhas Craft Brewery
1414;Minhas Craft Brewery
1415;Camo Brewing Company
1416;Grupo Modelo S.A. de C.V.
1417;Warsteiner Brauerei
1418;Hofbräuhaus München
1419;Brauerei Beck & Co.
1420;Harpoon Brewery
1421;Spaten-Franziskaner-Bräu
1422;Lakefront Brewery, Inc.
1423;Pennsylvania Brewing Company
1424;Mother Earth Brewing
1425;Klosterbrauerei Weltenburg
1426;Asahi Breweries Ltd
1427;Flensburger Brauerei GmbH Und Co. KG
1428;Church Brew Works
1429;Capital Brewery
1430;Kaltenberg International / König Ludwig International GmbH & Co.KG
1431;Christian Moerlein Brewing Company
1432;Jack's Abby Brewing
1433;Surly Brewing Company
1434;Klosterbrauerei Ettal / Ettaler Klosterbetriebe GmbH
1435;Der HirschBrau/Privatbrauerei Höss
1436;Sly Fox Brewing Company
1437;Sprecher Brewing Company
1438;Franconia Brewing Company
1439;Matt Brewing Company
1440;Brauerei Hirt GmbH
1441;The Olde Mecklenburg Brewery
1442;Brauerei Göss (Brau Union)
1443;Brauerei Pinkus Mueller
1444;Grupo Modelo S.A. de C.V.
1445;Hacker-Pschorr Bräu GmbH
1446;Matt Brewing Company
1447;Grimm Brothers Brewhouse
1448;Paulaner Brauerei GmbH & Co. KG
1449;Klosterbrauerei Andechs
1450;Bayerische Staatsbrauerei Weihenstephan
1451;Mahou S.A.
1452;Boston Beer Company (Samuel Adams)
1453;Paulaner Brauerei GmbH & Co. KG
1454;Spaten-Franziskaner-Bräu
1455;Great Lakes Brewing Company
1456;Victory Brewing Company
1457;Hacker-Pschorr Bräu GmbH
1458;Bayerische Staatsbrauerei Weihenstephan
1459;Jacob Leinenkugel Brewing Company
1460;Hofbräuhaus München
1461;Avery Brewing Company
1462;Left Hand Brewing Company
1463;Harpoon Brewery
1464;Spoetzl Brewery
1465;New Glarus Brewing Company
1466;Great Divide Brewing Company
1467;Flying Dog Brewery
1468;Yuengling Brewery
1469;Brauerei Beck & Co.
1470;Gordon Biersch Brewery Restaurant
1471;Three Floyds Brewing Co. & Brewpub
1472;Firestone Walker Brewing Co.
1473;Warsteiner Brauerei
1474;Boulevard Brewing Co.
1475;Summit Brewing Company
1476;Paulaner Brauerei GmbH & Co. KG
1477;Jack's Abby Brewing
1478;Two Brothers Brewing Company
1479;Saint Arnold Brewing Company
1480;Stoudts Brewing Co.
1481;Blue Point Brewing Company
1482;Flying Fish Brewing Company
1483;Sly Fox Brewing Company
1484;Narragansett Brewing Co.
1485;August Schell Brewing Company
1486;Capital Brewery
1487;Lakefront Brewery, Inc.
1488;Thirsty Dog Brewing Company
1489;Genesee Brewing Co. / Dundee Brewing Co.
1490;Sprecher Brewing Company
1491;Brauerei Heller-Trum / Schlenkerla
1492;Brauerei Heller-Trum / Schlenkerla
1493;Jack's Abby Brewing
1494;Brauerei Heller-Trum / Schlenkerla
1495;Brauerei Heller-Trum / Schlenkerla
1496;Brauerei Heller-Trum / Schlenkerla
1497;Caldera Brewing Company
1498;Cervejaria Sudbrack Ltda
1499;Roy Pitz Brewing Company
1500;Brauerei Göller Zur Alten Freyung
1501;Matt Brewing Company
1502;Southern Star Brewing Company
1503;New Albanian Brewing Company - Pizzeria and Public House
1504;Sly Fox Brewing Company
1505;Brauerei Heller-Trum / Schlenkerla
1506;New Orleans Lager & Ale Brewing Company (NOLA)
1507;Starr Hill Brewery
1508;Marshall Wharf Brewing Company / Three Tides Restaurant
1509;Zero Gravity Craft Brewery / American Flatbread
1510;Iron Hill Brewery & Restaurant
1511;Brauerei Gasthof Kundmüller
1512;Brauerei Gasthof Rittmayer
1513;Appalachian Brewing Company
1514;Micro Cervejaria Bamberg
1515;Dragonmead Microbrewery
1516;Boston Beer Company (Samuel Adams)
1517;Köstritzer Schwarzbierbrauerei GmbH & Co.
1518;Spoetzl Brewery
1519;Uinta Brewing Company
1520;Matt Brewing Company
1521;Magic Hat Brewing Company
1522;Sprecher Brewing Company
1523;Kulmbacher Brauerei AG
1524;Rahr & Sons Brewing Company
1525;Královský Pivovar Krušovice a.s.
1526;Pabst Brewing Company
1527;The Duck-Rabbit Craft Brewery
1528;Westbrook Brewing Co.
1529;Krombacher Brauerei
1530;Einbecker Brauhaus AG
1531;10 Barrel Brewing Co.
1532;Gordon Biersch Brewery Restaurant
1533;Austin Beerworks
1534;Midnight Sun Brewing Co.
1535;Short's Brewing Company
1536;Short's Brewing Company
1537;The Brew Kettle Taproom & Smokehouse / Production Works
1538;BrewDog
1539;Bayou Teche Brewery
1540;Weeping Radish Eco Farm & Brewery
1541;Dinkelacker-Schwabenbraeu AG
1542;Monteith's Brewing Co.
1543;Choc Beer Co. / Pete's Place
1544;Matt Brewing Company
1545;"Pivovar Herold B&#345;eznice A.s."
1546;Boston Beer Company (Samuel Adams)
1547;Great Lakes Brewing Company
1548;Cervecería Cuauhtémoc Moctezuma, S.A. de C.V.
1549;Devils Backbone Brewing Company
1550;Sierra Nevada Brewing Co.
1551;Jacob Leinenkugel Brewing Company
1552;Grupo Modelo S.A. de C.V.
1553;August Schell Brewing Company
1554;Pennsylvania Brewing Company
1555;Sprecher Brewing Company
1556;Cervecería Cuauhtémoc Moctezuma, S.A. de C.V.
1557;Millstream Brewing Company
1558;Live Oak Brewing Company
1559;Matt Brewing Company
1560;Metropolitan Brewing
1561;Flying Bison Brewing Company
1562;B.W. Beer Works USA
1563;Snake River Brewing Company & Brewpub
1564;Hijos De Rivera, S.A.
1565;Brasserie Pietra
1566;Brauerei Schloss Eggenberg
1567;Green Valley Brewing Company (Crooked Creek)
1568;Hinterland Brewery Restaurant
1569;Birra Menabrea SpA
1570;Florida Beer Company
1571;Cervecería Cuauhtémoc Moctezuma, S.A. de C.V.
1572;Matt Brewing Company
1573;Figueroa Mountain Brewing Co.
1574;Spoetzl Brewery
1575;Left Coast Brewing Company
1576;Iron Hill Brewery & Restaurant
1577;Tommyknocker Brewery
1578;Crescent City Brewhouse
1579;The Fat Cat Beer Company
1580;Victory Brewing Company
1581;Tuborgs Bryggerier A/S
1582;Wellington County Brewery
1583;Brasserie Cantillon
1584;Brouwerij De Troch
1585;Brouwerij Girardin
1586;Brouwerij Boon
1587;Brouwerij Timmermans-John Martin N.V.
1588;Brouwerij Mort Subite
1589;Brouwerij Van Honsebrouck N.V.
1590;Gueuzerie Tilquin
1591;De Cam Geuzestekerij
1592;Brasserie Cantillon
1593;Brouwerij Lindemans
1594;Brasserie Cantillon
1595;Brasserie Cantillon
1596;Brasserie Cantillon
1597;Brasserie Cantillon
1598;Brasserie Cantillon
1599;Brasserie Cantillon
1600;Brouwerij Lindemans
1601;Brouwerij Drie Fonteinen
1602;Brouwerij Lindemans
1603;Brouwerij Drie Fonteinen
1604;Brouwerij Drie Fonteinen
1605;Brasserie Cantillon
1606;Brasserie Cantillon
1607;Brouwerij Lindemans
1608;Brouwerij Oud Beersel
1609;Brouwerij Drie Fonteinen
1610;Hanssens Artisanaal bvba
1611;Allagash Brewing Company
1612;Brouwerij Lindemans
1613;Brouwerij Boon
1614;Brouwerij Boon
1615;Hanssens Artisanaal bvba
1616;Brouwerij Boon
1617;Upland Brewing Company
1618;Upland Brewing Company
1619;Upland Brewing Company
1620;Upland Brewing Company
1621;Brouwerij Oud Beersel
1622;Mikkeller ApS
1623;Upland Brewing Company
1624;Brouwerij Mort Subite
1625;Brouwerij Van Honsebrouck N.V.
1626;Allagash Brewing Company
1627;Hanssens Artisanaal bvba
1628;Hanssens Artisanaal bvba
1629;Brouwerij Timmermans-John Martin N.V.
1630;Brouwerij Timmermans-John Martin N.V.
1631;Hanssens Artisanaal bvba
1632;Brasserie Belle-Vue
1633;Alpine Beer Company
1634;Brasserie Cantillon
1635;Brouwerij Drie Fonteinen
1636;Gueuzerie Tilquin
1637;The Lost Abbey
1638;Hanssens Artisanaal bvba
1639;Brasserie Cantillon
1640;Brouwerij Girardin
1641;Brouwerij Boon
1642;Brouwerij Van Honsebrouck N.V.
1643;Brouwerij Oud Beersel
1644;Allagash Brewing Company
1645;Brouwerij Boon
1646;Gueuzerie Tilquin
1647;Brouwerij Drie Fonteinen
1648;Upland Brewing Company
1649;Brouwerij Lindemans
1650;Brouwerij Mort Subite
1651;De Cam Geuzestekerij
1652;Brasserie Belle-Vue
1653;Brouwerij De Troch
1654;Brouwerij Girardin
1655;Brasserie Cantillon
1656;Brouwerij Mort Subite
1657;Brouwerij Kerkom
1658;Brouwerij De Troch
1659;Brasserie Cantillon
1660;Brasserie Cantillon
1661;Brasserie Cantillon
1662;De Cam Geuzestekerij
1663;Brasserie Cantillon
1664;Café-Brouwerij Loterbol
1665;Panil
1666;Brouwerij Oud Beersel
1667;Brouwerij Boon
1668;Brouwerij Drie Fonteinen
1669;Brouwerij Drie Fonteinen
1670;Brouwerij Drie Fonteinen
1671;Brouwerij Girardin
1672;Mikkeller ApS
1673;De Cam Geuzestekerij
1674;Brouwerij Boon
1675;Brouwerij Girardin
1676;Brouwerij Girardin
1677;Brouwerij Lindemans
1678;Brouwerij De Troch
1679;Brouwerij Girardin
1680;Brouwerij Mort Subite
1681;Brouwerij Bockor N.V.
1682;Gueuzerie Tilquin
1683;Anheuser-Busch
1684;Anheuser-Busch
1685;Guinness Ltd.
1686;Miller Brewing Co.
1687;St. Pauli Brauerei C.L. Wilh. Brandt Gmbh & Co.
1688;Heineken Nederland B.V.
1689;Erdinger Weissbräu
1690;BrewDog
1691;Brauerei Beck & Co.
1692;Anheuser-Busch
1693;Binding-Brauerei AG
1694;Bitburger Brauerei
1695;Warsteiner Brauerei
1696;Pabst Brewing Company
1697;Paulaner Brauerei GmbH & Co. KG
1698;Baltika Breweries
1699;Privatbrauerei Eichbaum GmbH & Co. KG
1700;Paulaner Brauerei GmbH & Co. KG
1701;Weisses Bräuhaus G. Schneider & Sohn GmbH
1702;Labatt Brewing Company Ltd.
1703;Bayerische Staatsbrauerei Weihenstephan
1704;Brauerei Beck & Co.
1705;Krombacher Brauerei
1706;Einbecker Brauhaus AG
1707;Pabst Brewing Company
1708;Molson Coors Canada
1709;Bitburger Brauerei
1710;Cerveceria Vegana, S.A.
1711;Fentimans Ltd.
1712;Brauerei Gebrüder Maisel GmbH & Co.
1713;Brasserie Piedboeuf
1714;Genesee Brewing Co. / Dundee Brewing Co.
1715;Goose Island Beer Co.
1716;Jester King Craft Brewery
1717;Moorhouse's Brewery (Burnley) Ltd
1718;Motor City Brewing Works
1719;Surly Brewing Company
1720;Hockley Valley Brewing Co.
1721;Coopers Brewery Limited
1722;Neustadt Springs Brewery
1723;Robert Cain & Company Limited
1724;Eagle Rock Brewery
1725;Tooheys Brewing
1726;Whistler Brewing Company
1727;Northwoods Brewpub and Grill
1728;Fort Garry Brewing Company Ltd.
1729;Wandering Star Brewing Company
1730;Sea Dog Brewing Company
1731;Devils Backbone Brewing Company
1732;New Albanian Brewing Company - Pizzeria and Public House
1733;Calfkiller Brewing Company
1734;Nelson Brewing Company
1735;Beacon Hotel (Sarah Hughes Brewery)
1736;Pratt Street Ale House
1737;George Gale & Company Ltd
1738;Daniel Thwaites Brewery PLC
1739;Market Street Brewing Co. and Restaurant
1740;Rudgate Brewery Limited
1741;Brasseurs De Montréal
1742;Montana Brewing Company
1743;Inveralmond Brewery Ltd., The
1744;Moab Brewery
1745;Coopers Brewery Limited
1746;Cervecería Minerva
1747;Greene King / Morland Brewery
1748;Copper Dragon Brewery
1749;Sea Dog Brewing Company
1750;Simonds Farsons Cisk Plc.
1751;Rohrbach Brewing Company (Brewpub)
1752;Purple Moose Brewery
1753;Granite Brewery & Restaurant
1754;Daniel Thwaites Brewery PLC
1755;Daniel Thwaites Brewery PLC
1756;Palos De Moguer - 82
1757;Isle of Arran Brewery Company Ltd.
1758;Badger Brewery, Hall and Woodhouse
1759;The Ship Inn
1760;Dostal Alley Brewpub
1761;Westerham Brewery Company Ltd
1762;Founders Brewing Company
1763;North Coast Brewing Co.
1764;Great Divide Brewing Company
1765;Hair of the Dog Brewing Company / Brewery and Tasting Room
1766;Kuhnhenn Brewing Company
1767;Avery Brewing Company
1768;Fuller Smith & Turner PLC
1769;North Coast Brewing Co.
1770;Kuhnhenn Brewing Company
1771;T & R Theakston Ltd.
1772;Hair of the Dog Brewing Company / Brewery and Tasting Room
1773;Harviestoun Brewery Ltd.
1774;Hair of the Dog Brewing Company / Brewery and Tasting Room
1775;Alaskan Brewing Co.
1776;Saint Arnold Brewing Company
1777;Harviestoun Brewery Ltd.
1778;Breckenridge Brewery
1779;Harviestoun Brewery Ltd.
1780;Greene King / Morland Brewery
1781;Harviestoun Brewery Ltd.
1782;George Gale & Company Ltd
1783;Lancaster Brewing Company
1784;Great Divide Brewing Company
1785;Eel River Brewing Co.
1786;Arcadia Brewing Company
1787;Straight To Ale
1788;Mayflower Brewing Company
1789;Block 15 Brewery & Restaurant
1790;Harviestoun Brewery Ltd.
1791;Fish Brewing Company / Fishbowl Brewpub
1792;Upright Brewing Company
1793;Blue Mountain Brewery
1794;DuClaw Brewing Company
1795;Box Steam Brewery
1796;Sierra Nevada Brewing Co.
1797;Three Floyds Brewing Co. & Brewpub
1798;Oskar Blues Grill & Brew
1799;Three Floyds Brewing Co. & Brewpub
1800;Toppling Goliath Brewing Company
1801;Half Acre Beer Company
1802;SweetWater Brewing Company
1803;Deschutes Brewery
1804;Maine Beer Company
1805;Hill Farmstead Brewery
1806;New Glarus Brewing Company
1807;Deschutes Brewery
1808;Victory Brewing Company
1809;Kona Brewing Co.
1810;Flying Dog Brewery
1811;Three Floyds Brewing Co. & Brewpub
1812;Firestone Walker Brewing Co.
1813;Lagunitas Brewing Company
1814;Great Divide Brewing Company
1815;Southern Tier Brewing Company
1816;Ballast Point Brewing Company
1817;Matt Brewing Company
1818;Carton Brewing Company
1819;Goose Island Beer Co.
1820;Odell Brewing Company
1821;Brasserie d'Orval S.A.
1822;Brewery Ommegang
1823;Russian River Brewing Company
1824;Brouwerij Palm NV
1825;Avery Brewing Company
1826;Jolly Pumpkin Artisan Ales
1827;Unibroue
1828;Weyerbacher Brewing Co.
1829;New Glarus Brewing Company
1830;Captain Lawrence Brewing Co.
1831;Brouwerij De Koninck NV
1832;Brouwerij Straffe Hendrik / Huisbrouwerij De Halve Maan
1833;Brasserie de la Senne
1834;Bières de Chimay S.A.
1835;DC Brau Brewing Co.
1836;Dark Horse Brewing Company
1837;Hardywood Park Craft Brewery
1838;The Lost Abbey
1839;Brouwerij Van Steenberge N.V.
1840;Brasserie Dubuisson Frères sprl
1841;Perennial Artisan Ales
1842;Furthermore Beer
1843;AleSmith Brewing Company
1844;Big Boss Brewing
1845;Matt Brewing Company
1846;Brouwerij Slaghmuylder
1847;Brasserie de la Senne
1848;Russian River Brewing Company
1849;Mikkeller ApS
1850;White Birch Brewing
1851;Philadelphia Brewing Company
1852;Brouwerij Van Steenberge N.V.
1853;Omnipollo
1854;Firestone Walker Brewing Co.
1855;Bass Brewers Limited
1856;Greene King / Morland Brewery
1857;Boston Beer Company (Samuel Adams)
1858;Brooklyn Brewery
1859;Samuel Smith Old Brewery (Tadcaster)
1860;Smuttynose Brewing Company
1861;Great Divide Brewing Company
1862;Cisco Brewers Inc.
1863;Summit Brewing Company
1864;Black Sheep Brewery PLC
1865;Boston Beer Company (Samuel Adams)
1866;Yuengling Brewery
1867;Odell Brewing Company
1868;Coopers Brewery Limited
1869;Coopers Brewery Limited
1870;Carlsberg-Tetley Brewing Ltd
1871;Wychwood Brewery Company Ltd
1872;Harviestoun Brewery Ltd.
1873;Big Sky Brewing Company
1874;D.L. Geary Brewing Company
1875;Ipswich Ale Brewery
1876;Wychwood Brewery Company Ltd
1877;Alltech’s Lexington Brewing and Distilling Co.
1878;Shipyard Brewing Co.
1879;Christian Moerlein Brewing Company
1880;Ridgeway Brewing
1881;Granville Island Brewery
1882;Four Peaks Brewing Company
1883;Whitbread PLC
1884;St. Peter's Brewery Co Ltd
1885;Firestone Walker Brewing Co.
1886;Arcadia Brewing Company
1887;St. Peter's Brewery Co Ltd
1888;Wachusett Brewing Company
1889;Genesee Brewing Co. / Dundee Brewing Co.
1890;Cucapá Brewing Company
1891;Green Valley Brewing Company (Crooked Creek)
1892;Mayflower Brewing Company
1893;Heavy Seas Beer
1894;Oskar Blues Grill & Brew
1895;Lagunitas Brewing Company
1896;Pivovary Staropramen
1897;Great Lakes Brewing Company
1898;Great Divide Brewing Company
1899;Pivovar Zlaty Bazant a.s.
1900;Foothills Brewing Company
1901;Steam Whistle Brewing
1902;Královský Pivovar Krušovice a.s.
1903;Gordon Biersch Brewery Restaurant
1904;Cisco Brewers Inc.
1905;Live Oak Brewing Company
1906;Moonlight Brewing Company
1907;Spoetzl Brewery
1908;Trader Joe's Brewing Company
1909;Trader Joe's Brewing Company
1910;Notch Brewing
1911;Matt Brewing Company
1912;Short's Brewing Company
1913;Red Hare Brewing Company
1914;Grupo Modelo S.A. de C.V.
1915;Žatecký Pivovar
1916;Terrapin Beer Company
1917;Creemore Springs Brewery Limited
1918;Pivovar Velké Popovice a.s.
1919;Hopworks Urban Brewery
1920;Moat Mountain Smoke House & Brewing Co.
1921;Greenpoint Beerworks / Kelso of Brooklyn
1922;Heater Allen Brewing
1923;Victory Brewing Company
1924;Boston Beer Company (Samuel Adams)
1925;Brauerei Beck & Co.
1926;North Coast Brewing Co.
1927;Bitburger Brauerei
1928;Sixpoint Brewery
1929;Tröegs Brewing Company
1930;Cervecería Cuauhtémoc Moctezuma, S.A. de C.V.
1931;Radeberger Exportbierbrauerei
1932;Brooklyn Brewery
1933;Matt Brewing Company
1934;Friesisches Brauhaus zu Jever GmbH & Co KG
1935;König-Brauerei GmbH
1936;Sly Fox Brewing Company
1937;Bayerische Staatsbrauerei Weihenstephan
1938;Stoudts Brewing Co.
1939;Trumer Brauerei Berkeley
1940;Krombacher Brauerei
1941;Stieglbrauerei zu Salzburg GmbH
1942;Badische Staatsbrauerei Rothaus AG
1943;Abita Brewing Co.
1944;Saint Arnold Brewing Company
1945;Wernesgrüner Brauerei AG
1946;Brauerei C. & A. Veltins GmbH & Co.
1947;Brauerei Pinkus Mueller
1948;Real Ale Brewing Company
1949;Paulaner Brauerei GmbH & Co. KG
1950;New England Brewing Co.
1951;Kulmbacher Brauerei AG
1952;Flensburger Brauerei GmbH Und Co. KG
1953;Dinkelacker-Schwabenbraeu AG
1954;Austin Beerworks
1955;Minhas Craft Brewery
1956;New Glarus Brewing Company
1957;Brasserie Almaza S.A.L.
1958;Victory Brewing Company
1959;Hofbrauhaus Wolters GmbH
1960;Kulmbacher Brauerei AG
1961;Dogfish Head Brewery
1962;Southern Tier Brewing Company
1963;Boston Beer Company (Samuel Adams)
1964;Rogue Ales
1965;Short's Brewing Company
1966;Three Floyds Brewing Co. & Brewpub
1967;Uinta Brewing Company
1968;Mikkeller ApS
1969;Breckenridge Brewery
1970;Short's Brewing Company
1971;Kiuchi Brewery
1972;Thomas Creek Brewery
1973;Rahr & Sons Brewing Company
1974;Blue Mountain Brewery
1975;Element Brewing Company
1976;Karl Strauss Brewing Company
1977;Atwater Block Brewery
1978;New Albanian Brewing Company - Pizzeria and Public House
1979;Epic Brewing Company
1980;Great Lakes Brewing Company
1981;Deschutes Brewery
1982;Breckenridge Brewery
1983;Anchor Brewing Company
1984;Sierra Nevada Brewing Co.
1985;Rogue Ales
1986;Hill Farmstead Brewery
1987;Boston Beer Company (Samuel Adams)
1988;Maui Brewing Co.
1989;Three Floyds Brewing Co. & Brewpub
1990;Kona Brewing Co.
1991;Atwater Block Brewery
1992;Highland Brewing
1993;Odell Brewing Company
1994;Mississippi Brewing Co.
1995;Tröegs Brewing Company
1996;Hill Farmstead Brewery
1997;Berkshire Brewing Company Inc.
1998;Ballast Point Brewing Company
1999;Flying Dog Brewery
2000;Avery Brewing Company
2001;Southern Tier Brewing Company
2002;Thirsty Dog Brewing Company
2003;Central Waters Brewing Company
2004;Matt Brewing Company
2005;(512) Brewing Company
2006;Matt Brewing Company
2007;Midnight Sun Brewing Co.
2008;Summit Brewing Company
2009;The Duck-Rabbit Craft Brewery
2010;Utah Brewers Cooperative
2011;Real Ale Brewing Company
2012;Highland Brewing
2013;DC Brau Brewing Co.
2014;Port City Brewing
2015;NoDa Brewing Company
2016;Smuttynose Brewing Company
2017;Arcadia Brewing Company
2018;Baltika Breweries
2019;The Duck-Rabbit Craft Brewery
2020;Surly Brewing Company
2021;Oy Sinebrychoff Ab
2022;BOSS Browar Witnica S.A.
2023;Carlsberg Sverige AB
2024;Three Floyds Brewing Co. & Brewpub
2025;Les Trois Mousquetaires
2026;Nøgne Ø - Det Kompromissløse Bryggeri A/S
2027;Great Divide Brewing Company
2028;Southampton Publick House
2029;Deep Ellum Brewing Company
2030;Foothills Brewing Company
2031;Brouwerij De Molen
2032;Utenos Alus
2033;Aldaris
2034;Devils Backbone Brewing Company
2035;Beer Here
2036;HaandBryggeriet
2037;Atwater Block Brewery
2038;Uncommon Brewers
2039;Browar Amber
2040;Baird Brewing Company / Fishmarket Taproom
2041;Hill Farmstead Brewery
2042;BrewDog
2043;Brouwerij Sterkens N.V.
2044;Thisted Bryghus
2045;Fuller Smith & Turner PLC
2046;Harviestoun Brewery Ltd.
2047;Boulevard Brewing Co.
2048;Boston Beer Company (Samuel Adams)
2049;Foothills Brewing Company
2050;Yards Brewing Co.
2051;Mayflower Brewing Company
2052;St. Peter's Brewery Co Ltd
2053;Meantime Brewing Company Limited
2054;Brouwerij Drie Fonteinen
2055;Ridgeway Brewing
2056;Meantime Brewing Company Limited
2057;Starr Hill Brewery
2058;Green Man Brewery
2059;Yazoo Brewing Company
2060;Short's Brewing Company
2061;D.L. Geary Brewing Company
2062;Darwin Brewery Ltd.
2063;Greenport Harbor Brewing Company
2064;Federal Jack's Restaurant & Brew Pub
2065;Ale Asylum
2066;Salopian Brewing Company Ltd
2067;St. George Brewing Company, The
2068;Cooperstown Brewing Company
2069;Wychwood Brewery Company Ltd
2070;Mill Street Brew Pub
2071;Nethergate Brewery Co. Ltd.
2072;Shipyard Brewing Co.
2073;Molson Coors Canada
2074;Lancaster Brewing Company
2075;Middle Ages Brewing Co., Ltd.
2076;Williams Brothers Brewing Company
2077;Phillips Brewing Company
2078;Big Woods Brewing Co.
2079;RCH Brewery
2080;Harvest Moon Brewery
2081;French Broad Brewing Co.
2082;Ballast Point Brewing Company
2083;Flying Dog Brewery
2084;Hill Farmstead Brewery
2085;Flying Dog Brewery
2086;Caldera Brewing Company
2087;Tyranena Brewing Company
2088;Tyranena Brewing Company
2089;Great Lakes Brewing Company
2090;Tyranena Brewing Company
2091;Evil Twin Brewing
2092;(512) Brewing Company
2093;Two Brothers Brewing Company
2094;Hill Farmstead Brewery
2095;Ballast Point Brewing Company
2096;Short's Brewing Company
2097;Southampton Publick House
2098;Laughing Dog Brewing
2099;Shipyard Brewing Co.
2100;Clown Shoes
2101;To Øl
2102;Founders Brewing Company
2103;Smuttynose Brewing Company
2104;Einstök Ölgerð
2105;Foothills Brewing Company
2106;Dark Horse Brewing Company
2107;Tyranena Brewing Company
2108;Speakeasy Ales & Lagers
2109;Big Sky Brewing Company
2110;Drake's Brewing Co.
2111;Crow Peak Brewing
2112;Kuhnhenn Brewing Company
2113;Coop Ale Works
2114;Great Dane Pub & Brewing Company (Downtown)
2115;Zero Gravity Craft Brewery / American Flatbread
2116;Bridge Road Brewers
2117;Emmett's Brewing Company
2118;Stone Brewing Co.
2119;Alaskan Brewing Co.
2120;O'Fallon Brewery
2121;Arcadia Brewing Company
2122;Tyranena Brewing Company
2123;Captain Lawrence Brewing Co.
2124;Ranger Creek Brewing & Distilling
2125;Brouwerij Van Viven
2126;Grey Sail Brewing of Rhode Island
2127;8 Wired Brewing Co.
2128;East End Brewing Company
2129;Swamp Head Brewery & Tasting Room
2130;Rock Art Brewery
2131;Fat Heads Brewery & Saloon
2132;Choc Beer Co. / Pete's Place
2133;Throwback Brewery
2134;Bristol Brewing Company
2135;The Vermont Pub & Brewery
2136;Great Lakes Brewing Company
2137;Spring House Brewing Company
2138;Feral Brewing Co.
2139;Moat Mountain Smoke House & Brewing Co.
2140;Middle Ages Brewing Co., Ltd.
2141;COAST Brewing Company
2142;Captain Lawrence Brewing Co.
2143;Davidson Brothers Restaurant & Brewery
2144;Southern Tier Brewing Company
2145;Dogfish Head Brewery
2146;Shipyard Brewing Co.
2147;Weyerbacher Brewing Co.
2148;Boston Beer Company (Samuel Adams)
2149;Brooklyn Brewery
2150;Smuttynose Brewing Company
2151;Shipyard Brewing Co.
2152;New Holland Brewing Company
2153;Avery Brewing Company
2154;Cigar City Brewing
2155;Elysian Brewing Company
2156;Buffalo Bill's Brewery
2157;Matt Brewing Company
2158;Harpoon Brewery
2159;Saint Arnold Brewing Company
2160;Jolly Pumpkin Artisan Ales
2161;Heavy Seas Beer
2162;Elysian Brewing Company
2163;Hoppin' Frog Brewery
2164;Elysian Brewing Company
2165;Cisco Brewers Inc.
2166;Flying Dog Brewery
2167;O'Fallon Brewery
2168;Southampton Publick House
2169;Cape Ann Brewing Company
2170;Southern Tier Brewing Company
2171;Fat Heads Brewery & Saloon
2172;River Horse Brewing Co.
2173;Blue Point Brewing Company
2174;Brouwerij St. Bernardus NV
2175;Brasserie de Rochefort
2176;Brewery Ommegang
2177;Brouwerij Westvleteren (Sint-Sixtusabdij van Westvleteren)
2178;Boulevard Brewing Co.
2179;Firestone Walker Brewing Co.
2180;Boulevard Brewing Co.
2181;Bierbrouwerij De Koningshoeven B.V.
2182;De Struise Brouwers
2183;Brouwerij St. Bernardus NV
2184;Unibroue
2185;Avery Brewing Company
2186;Victory Brewing Company
2187;Brouwerij Van Steenberge N.V.
2188;Weyerbacher Brewing Co.
2189;De Struise Brouwers
2190;The Lost Abbey
2191;Brouwerij Van Honsebrouck N.V.
2192;Weyerbacher Brewing Co.
2193;Brouwerij Van Honsebrouck N.V.
2194;Brouwerij Straffe Hendrik / Huisbrouwerij De Halve Maan
2195;Brasserie Dieu Du Ciel
2196;Smuttynose Brewing Company
2197;Bierbrouwerij De Koningshoeven B.V.
2198;De Leyerth Brouwerijen (Urthel)
2199;Brouwerij Van Honsebrouck N.V.
2200;Brouwerij De Landtsheer NV
2201;Brasserie de l'Abbaye du Val-Dieu
2202;De Struise Brouwers
2203;Charleville Vineyard Microbrewery
2204;Sly Fox Brewing Company
2205;Arcense Stoombierbouwerij (Hertog Jan Brouwerij)
2206;Brouwerij Smisje
2207;Brewery Ommegang
2208;New Belgium Brewing
2209;Tröegs Brewing Company
2210;Lagunitas Brewing Company
2211;Bear Republic Brewing Co.
2212;Maine Beer Company
2213;Rogue Ales
2214;North Coast Brewing Co.
2215;Anderson Valley Brewing Company
2216;Cigar City Brewing
2217;Highland Brewing
2218;Rogue Ales
2219;Breckenridge Brewery
2220;Ithaca Beer Company
2221;Rogue Ales
2222;Speakeasy Ales & Lagers
2223;Mendocino Brewing Company
2224;Switchback Brewing Company
2225;Lakefront Brewery, Inc.
2226;BrewDog
2227;Rogue Ales
2228;AleSmith Brewing Company
2229;Ale Asylum
2230;AleSmith Brewing Company
2231;Coronado Brewing Company
2232;The Bruery
2233;The Duck-Rabbit Craft Brewery
2234;Ninkasi Brewing Company
2235;Saint Arnold Brewing Company
2236;Mad River Brewing Company
2237;Local Option
2238;Boston Beer Company (Samuel Adams)
2239;New Glarus Brewing Company
2240;Brewery Vivant
2241;Tröegs Brewing Company
2242;Oskar Blues Grill & Brew
2243;Green Flash Brewing Co.
2244;Lagunitas Brewing Company
2245;Great Lakes Brewing Company
2246;Ballast Point Brewing Company
2247;Grand Teton Brewing Co.
2248;Short's Brewing Company
2249;Mad River Brewing Company
2250;Peak Organic Brewing Company
2251;Upland Brewing Company
2252;New Albanian Brewing Company - Pizzeria and Public House
2253;Odell Brewing Company
2254;Iron Horse Brewery
2255;Marble Brewery
2256;Grand Teton Brewing Co.
2257;Lavery Brewing Company
2258;Columbus Brewing Company
2259;Austin Beerworks
2260;Guinness Ltd.
2261;Boston Beer Company (Samuel Adams)
2262;Great Lakes Brewing Company
2263;Smithwick's Brewery / Irish Ale Breweries Ltd
2264;Guinness Ltd.
2265;Murphy Brewery Ireland Limited
2266;Boulevard Brewing Co.
2267;Karl Strauss Brewing Company
2268;Carlow Brewing Company
2269;Boston Beer Company (Samuel Adams)
2270;Short's Brewing Company
2271;Matt Brewing Company
2272;Pabst Brewing Company
2273;Alpine Beer Company
2274;Thomas Creek Brewery
2275;Thomas Hooker Brewing Company
2276;Casco Bay Brewing Co.
2277;BJ's Chicago Pizza & Brewery Inc.
2278;Moylan's Brewery
2279;Aviator Brewing Company
2280;Starr Hill Brewery
2281;The Porterhouse Brewing Company
2282;North Country Brewing
2283;Flying Bison Brewing Company
2284;Thomas Caffrey Brewing Co.
2285;Tighthead Brewing Company
2286;Smoky Mountain Brewery & Restaurant
2287;Thirsty Dog Brewing Company
2288;BJ's Restaurant & Brewhouse
2289;Dragonmead Microbrewery
2290;Long Ireland Beer Company
2291;Rock Bottom Restaurant & Brewery
2292;Wachusett Brewing Company
2293;Dunedin Brewery
2294;Franciscan Well Micro Brewery
2295;Garrison Brewing Company
2296;Sly Fox Brewing Company
2297;Titletown Brewing Company
2298;Live Oak Brewing Company
2299;Mill Street Brew Pub
2300;Stiftsbrauerei Schlägl
2301;Thurn Und Taxis Regensburg Gmbh Fürstliche Brauerei
2302;Brauerei Schrems
2303;Beaver Brewing Company
2304;Real Ale Brewing Company
2305;Vintage Brewing Company
2306;Iron Hill Brewery & Restaurant
2307;Sweetwater Tavern & Brewery
2308;The Bier Brewery
2309;Real Ale Brewing Company
2310;Brasserie Dieu Du Ciel
2311;Browar Kormoran
2312;Taps Fish House & Brewery
2313;Iron Hill Brewery & Restaurant
2314;Founders Brewing Company
2315;Sierra Nevada Brewing Co.
2316;Bear Republic Brewing Co.
2317;Boulevard Brewing Co.
2318;Two Brothers Brewing Company
2319;Brasserie Dieu Du Ciel
2320;Real Ale Brewing Company
2321;Arcadia Brewing Company
2322;Blue Point Brewing Company
2323;Boston Beer Company (Samuel Adams)
2324;Upright Brewing Company
2325;New Holland Brewing Company
2326;Rising Tide Brewing Company
2327;Lawson's Finest Liquids
2328;Boulevard Brewing Co.
2329;Mayflower Brewing Company
2330;Dock Street Brewery & Restaurant
2331;Madison River Brewing Company
2332;Black Market Brewing Co.
2333;The Bronx Brewery
2334;Telluride Brewing Co.
2335;Founders Brewing Company
2336;Founders Brewing Company
2337;Oskar Blues Grill & Brew
2338;Orkney Brewery
2339;Dark Horse Brewing Company
2340;Great Divide Brewing Company
2341;Innis & Gunn
2342;AleSmith Brewing Company
2343;Traquair House Brewery Lld
2344;Boston Beer Company (Samuel Adams)
2345;Belhaven Brewery Company Ltd.
2346;Traquair House Brewery Lld
2347;Moylan's Brewery
2348;Cigar City Brewing
2349;Boston Beer Company (Samuel Adams)
2350;Magic Hat Brewing Company
2351;Brasserie Dieu Du Ciel
2352;Smuttynose Brewing Company
2353;The Duck-Rabbit Craft Brewery
2354;Brasserie de Silly S.A.
2355;AleSmith Brewing Company
2356;Lake Louie Brewery Company
2357;Monday Night Brewing
2358;Rahr & Sons Brewing Company
2359;New England Brewing Co.
2360;Tyranena Brewing Company
2361;French Broad Brewing Co.
2362;Erie Brewing Co.
2363;Tyranena Brewing Company
2364;Sierra Nevada Brewing Co.
2365;Big Sky Brewing Company
2366;Sprecher Brewing Company
2367;Brau Brothers Brewing Co. LLC
2368;Lake Louie Brewery Company
2369;Hoppin' Frog Brewery
2370;Three Floyds Brewing Co. & Brewpub
2371;Belhaven Brewery Company Ltd.
2372;Odell Brewing Company
2373;Innis & Gunn
2374;Brooklyn Brewery
2375;Four Peaks Brewing Company
2376;Erie Brewing Co.
2377;Long Trail Brewing Co.
2378;Sun King Brewing Company
2379;Orkney Brewery
2380;Ballast Point Brewing Company
2381;Belhaven Brewery Company Ltd.
2382;Appalachian Brewing Company
2383;Bristol Brewing Company
2384;Orkney Brewery
2385;Thirsty Dog Brewing Company
2386;Empyrean Brewing Company
2387;Inveralmond Brewery Ltd., The
2388;Fargo Brewing Company
2389;Orkney Brewery
2390;The Caledonian Brewing Company
2391;Pelican Pub & Brewery
2392;Inveralmond Brewery Ltd., The
2393;Gritty McDuff's Brewing Company
2394;Broughton Ales Ltd
2395;Keweenaw Brewing Company
2396;Ballast Point Brewing Company
2397;Williams Brothers Brewing Company
2398;Fearless Brewing Company
2399;Florida Beer Company
2400;Sun King Brewing Company
2401;Sheepscot Valley Brewing Company
2402;Shoreline Brewery And Restaurant
2403;Isle Of Skye Brewery
2404;Dark Horse Brewing Company
2405;Yazoo Brewing Company
2406;The Bruery
2407;Evil Twin Brewing
2408;HaandBryggeriet
2409;Nøgne Ø - Det Kompromissløse Bryggeri A/S
2410;New Holland Brewing Company
2411;Hill Farmstead Brewery
2412;Brouwerij De Molen
2413;Midnight Sun Brewing Co.
2414;Three Floyds Brewing Co. & Brewpub
2415;Professor Fritz Briem
2416;Brouwerij De Molen
2417;Bayou Teche Brewery
2418;Brouwerij De Molen
2419;Brasserie Dieu Du Ciel
2420;White Birch Brewing
2421;Brasseurs Illimités
2422;Brasserie Fischer / Fischer Biere d' Alsace
2423;the Nils Oscar Company
2424;Yeastie Boys
2425;Fullsteam Brewery
2426;Brouwerij De Dochter van de Korenaar
2427;Jackie O's Pub & Brewery
2428;Flying Dog Brewery
2429;Crown Valley Brewing & Distilling Co.
2430;Bootlegger's Brewery
2431;Live Oak Brewing Company
2432;Dogfish Head Brewery
2433;Professor Fritz Briem
2434;Three Floyds Brewing Co. & Brewpub
2435;Bear Republic Brewing Co.
2436;White Birch Brewing
2437;Gasthaus & Gosebrauerei Bayerischer Bahnhof
2438;Ballast Point Brewing Company
2439;Berliner Kindl Brauerei
2440;Jackie O's Pub & Brewery
2441;Bend Brewing Company
2442;New Belgium Brewing
2443;Brouwerij Van Steenberge N.V.
2444;Deschutes Brewery
2445;Brouwerij Liefmans
2446;Goose Island Beer Co.
2447;Captain Lawrence Brewing Co.
2448;Brouwerij Van Honsebrouck N.V.
2449;HaandBryggeriet
2450;Picobrouwerij Alvinne / Den Bierzolder
2451;Kuhnhenn Brewing Company
2452;De Struise Brouwers
2453;LoverBeer
2454;Brasserie Trois Dames
2455;Trinity Brewing Company
2456;Picobrouwerij Alvinne / Den Bierzolder
2457;Grand Teton Brewing Co.
2458;Jackie O's Pub & Brewery
2459;Three Floyds Brewing Co. & Brewpub
2460;Brouwerij Liefmans
2461;Snake River Brewing Company & Brewpub
2462;Brouwerij Verhaeghe
2463;Brouwerij Rodenbach N.V.
2464;Brouwerij Bockor N.V.
2465;The Lost Abbey
2466;Jolly Pumpkin Artisan Ales
2467;Brouwerij Rodenbach N.V.
2468;Brouwerij Rodenbach N.V.
2469;Cascade Brewing / Raccoon Lodge & Brewpub
2470;Brouwerij Rodenbach N.V.
2471;Brouwerij Strubbe
2472;Panil
2473;Brouwerij Verhaeghe
2474;Brouwerij Verhaeghe
2475;De Proefbrouwerij (bvba Andelot)
2476;Hair of the Dog Brewing Company / Brewery and Tasting Room
2477;Jolly Pumpkin Artisan Ales
2478;Jolly Pumpkin Artisan Ales
2479;Panil
2480;Brouwerij Bockor N.V.
2481;Birrificio Del Ducato
2482;Brouwerij Rodenbach N.V.
2483;Alpine Beer Company
2484;Portsmouth Brewery
2485;The Vermont Pub & Brewery
2486;Gasthaus & Gosebrauerei Bayerischer Bahnhof
2487;Upright Brewing Company
2488;Southern Tier Brewing Company
2489;Founders Brewing Company
2490;Goose Island Beer Co.
2491;Oskar Blues Grill & Brew
2492;Deschutes Brewery
2493;Goose Island Beer Co.
2494;AleSmith Brewing Company
2495;Founders Brewing Company
2496;Victory Brewing Company
2497;Great Divide Brewing Company
2498;Southern Tier Brewing Company
2499;Brasserie Dieu Du Ciel
2500;Dogfish Head Brewery
2501;Great Divide Brewing Company
2502;Lagunitas Brewing Company
2503;Evil Twin Brewing
2504;Cigar City Brewing
2505;The Bruery
2506;Dogfish Head Brewery
2507;Great Divide Brewing Company
2508;Southern Tier Brewing Company
2509;Great Divide Brewing Company
2510;Green Flash Brewing Co.
2511;Perennial Artisan Ales
2512;Mikkeller ApS
2513;The Bruery
2514;Central Waters Brewing Company
2515;Boulevard Brewing Co.
2516;Bear Republic Brewing Co.
2517;Southern Tier Brewing Company
2518;AleSmith Brewing Company
2519;Oskar Blues Grill & Brew
2520;FiftyFifty Brewing Co.
2521;AleSmith Brewing Company
2522;Goose Island Beer Co.
2523;Rogue Ales
2524;Deschutes Brewery
2525;Sierra Nevada Brewing Co.
2526;Dogfish Head Brewery
2527;Maine Beer Company
2528;Dark Horse Brewing Company
2529;Brasserie Dieu Du Ciel
2530;Avery Brewing Company
2531;Highland Brewing
2532;Lakefront Brewery, Inc.
2533;New Glarus Brewing Company
2534;Central Waters Brewing Company
2535;Harpoon Brewery
2536;Arcadia Brewing Company
2537;Bison Brewing
2538;Evolution Craft Brewing Company
2539;Alpine Beer Company
2540;Hinterland Brewery Restaurant
2541;Coronado Brewing Company
2542;Pisgah Brewing Co.
2543;Right Brain Brewery
2544;New Orleans Lager & Ale Brewing Company (NOLA)
2545;Hopworks Urban Brewery
2546;Kuhnhenn Brewing Company
2547;Bootlegger's Brewery
2548;Jackie O's Pub & Brewery
2549;Olde Hickory Brewery
2550;Spring House Brewing Company
2551;DuClaw Brewing Company
2552;Magic Hat Brewing Company
2553;Belhaven Brewery Company Ltd.
2554;Orkney Brewery
2555;Brasserie Dupont sprl
2556;Uehara Shuzou Co. Ltd. / Echigo Beer Pub
2557;Hook Norton Brewery Co. Ltd.
2558;Wye Valley Brewery
2559;Cooperstown Brewing Company
2560;Ridgeway Brewing
2561;Fordham Brewing Company
2562;Hop Back Brewery plc
2563;Shepherd Neame Ltd
2564;Middle Ages Brewing Co., Ltd.
2565;Williams Brothers Brewing Company
2566;Cannery Brewing Company
2567;Brasseurs Du Nord Inc.
2568;Meantime Brewing Company Limited
2569;Magic Rock Brewing
2570;Samuel Smith Old Brewery (Tadcaster)
2571;Schmohz Brewing Company
2572;Garrison Brewing Company
2573;Lost Rhino Brewing Company
2574;Marshall Wharf Brewing Company / Three Tides Restaurant
2575;Belhaven Brewery Company Ltd.
2576;Cervecera Mexicana S.A. De C.V.
2577;Black Creek Historic Brewery
2578;Lancaster Brewery Company Ltd
2579;Titanic Brewery
2580;Guinness Ltd.
2581;Ceylon / Lion Brewery Limited
2582;Ballast Point Brewing Company
2583;Left Hand Brewing Company
2584;Coopers Brewery Limited
2585;Ridgeway Brewing
2586;Brouwerij De Dolle Brouwers
2587;Snake River Brewing Company & Brewpub
2588;Desnoes & Geddes Limited
2589;Pelican Pub & Brewery
2590;La Cumbre Brewing Co.
2591;Flying Fish Brewing Company
2592;Cisco Brewers Inc.
2593;Steel Toe Brewing
2594;Marin Brewing Company
2595;Upslope Brewing Company
2596;The Kernel Brewery
2597;Brasserie De Cazeau
2598;Moat Mountain Smoke House & Brewing Co.
2599;Ridgeway Brewing
2600;Harar Beer Factory
2601;Scheldebrouwerij
2602;Oggi's Pizza & Brewing Co.
2603;Cigar City Brewing
2604;Zero Gravity Craft Brewery / American Flatbread
2605;Jopen Bier BV Haarlem
2606;Big City Brewing CO LTD
2607;Crossroads Brewing Company
2608;COAST Brewing Company
2609;Bahamian Brewery Beverage & Co. Ltd.
2610;Guinness Nigeria PLC
2611;Kuhnhenn Brewing Company
2612;Cascade Brewery Company Ltd.
2613;Tsingtao Brewery Co., Ltd.
2614;Liberty Street Brewing Company
2615;Ceres Brewery (Royal Unibrew)
2616;Guinness Ltd.
2617;Guinness Ltd.
2618;Murphy Brewery Ireland Limited
2619;North Coast Brewing Co.
2620;Carlow Brewing Company
2621;Three Floyds Brewing Co. & Brewpub
2622;Beamish & Crawford Plc.
2623;Mendocino Brewing Company
2624;Brooklyn Brewery
2625;Yards Brewing Co.
2626;Shipyard Brewing Co.
2627;Guinness Ltd.
2628;Victory Brewing Company
2629;Starr Hill Brewery
2630;Russian River Brewing Company
2631;The Porterhouse Brewing Company
2632;Gritty McDuff's Brewing Company
2633;Moylan's Brewery
2634;Boulevard Brewing Co.
2635;Guinness Ltd.
2636;Fuller Smith & Turner PLC
2637;Short's Brewing Company
2638;The Porterhouse Brewing Company
2639;Mill Street Brew Pub
2640;Sly Fox Brewing Company
2641;Matt Brewing Company
2642;Brasserie de la Senne
2643;Portsmouth Brewery
2644;Carlow Brewing Company
2645;Furthermore Beer
2646;The Porterhouse Brewing Company
2647;Cigar City Brewing
2648;Appalachian Brewing Company
2649;Sprecher Brewing Company
2650;Le Trou Du Diable
2651;The Porterhouse Brewing Company
2652;Empire Brewing Company
2653;Cigar City Brewing
2654;Christian Moerlein Brewing Company
2655;Guinness Ltd.
2656;Sun King Brewing Company
2657;Public House Brewing Company
2658;Founders Brewing Company
2659;Samuel Smith Old Brewery (Tadcaster)
2660;Terrapin Beer Company
2661;Rogue Ales
2662;Firestone Walker Brewing Co.
2663;Mikkeller ApS
2664;Anderson Valley Brewing Company
2665;New Holland Brewing Company
2666;Tröegs Brewing Company
2667;Hoppin' Frog Brewery
2668;Breckenridge Brewery
2669;McAuslan Brewing
2670;Founders Brewing Company
2671;Lost Coast Brewery and Cafe
2672;Dark Horse Brewing Company
2673;Elysian Brewing Company
2674;Ipswich Ale Brewery
2675;Trader Joe's Brewing Company
2676;Ninkasi Brewing Company
2677;Hill Farmstead Brewery
2678;Ninkasi Brewing Company
2679;Mikkeller ApS
2680;Goose Island Beer Co.
2681;Buffalo Bill's Brewery
2682;Boulder Beer / Wilderness Pub
2683;Independence Brewing Co.
2684;Great Lakes Brewing Company
2685;Good People Brewing Company
2686;Alaskan Brewing Co.
2687;Summit Brewing Company
2688;Oakshire Brewing
2689;Fremont Brewing Company
2690;Tyranena Brewing Company
2691;North Coast Brewing Co.
2692;Firestone Walker Brewing Co.
2693;Brooklyn Brewery
2694;Sierra Nevada Brewing Co.
2695;Three Floyds Brewing Co. & Brewpub
2696;Surly Brewing Company
2697;Dark Horse Brewing Company
2698;Samuel Smith Old Brewery (Tadcaster)
2699;Great Lakes Brewing Company
2700;Dark Horse Brewing Company
2701;Cigar City Brewing
2702;Hoppin' Frog Brewery
2703;Brooklyn Brewery
2704;Lagunitas Brewing Company
2705;Thirsty Dog Brewing Company
2706;Great Lakes Brewing Company
2707;De Struise Brouwers
2708;Clown Shoes
2709;Boston Beer Company (Samuel Adams)
2710;Heavy Seas Beer
2711;Foothills Brewing Company
2712;Hoppin' Frog Brewery
2713;New England Brewing Co.
2714;Rogue Ales
2715;Foothills Brewing Company
2716;Smuttynose Brewing Company
2717;Thirsty Dog Brewing Company
2718;Jackie O's Pub & Brewery
2719;Left Hand Brewing Company
2720;Two Brothers Brewing Company
2721;Three Floyds Brewing Co. & Brewpub
2722;Jester King Craft Brewery
2723;Nøgne Ø - Det Kompromissløse Bryggeri A/S
2724;The Duck-Rabbit Craft Brewery
2725;Big Sky Brewing Company
2726;Left Hand Brewing Company
2727;Boston Beer Company (Samuel Adams)
2728;Terrapin Beer Company
2729;Southern Tier Brewing Company
2730;The Duck-Rabbit Craft Brewery
2731;Three Floyds Brewing Co. & Brewpub
2732;Hardywood Park Craft Brewery
2733;Lancaster Brewing Company
2734;Dark Horse Brewing Company
2735;St. Peter's Brewery Co Ltd
2736;Saugatuck Brewing Company
2737;Breckenridge Brewery
2738;Butternuts Beer & Ale
2739;Keegan Ales
2740;Whitbread PLC
2741;River Horse Brewing Co.
2742;Brau Brothers Brewing Co. LLC
2743;Lagunitas Brewing Company
2744;Lagunitas Brewing Company
2745;Lagunitas Brewing Company
2746;Boston Beer Company (Samuel Adams)
2747;The Bruery
2748;The Lost Abbey
2749;The Lost Abbey
2750;Hair of the Dog Brewing Company / Brewery and Tasting Room
2751;Sierra Nevada Brewing Co.
2752;Fremont Brewing Company
2753;Rogue Ales
2754;Boulevard Brewing Co.
2755;Mendocino Brewing Company
2756;Hair of the Dog Brewing Company / Brewery and Tasting Room
2757;The Lost Abbey
2758;Avery Brewing Company
2759;Hair of the Dog Brewing Company / Brewery and Tasting Room
2760;RJ Rockers Brewing Company
2761;Hair of the Dog Brewing Company / Brewery and Tasting Room
2762;Lawson's Finest Liquids
2763;Middle Ages Brewing Co., Ltd.
2764;Iron Horse Brewery
2765;Long Trail Brewing Co.
2766;Shmaltz Brewing Company
2767;Cold Spring Brewing Co.
2768;Ballast Point Brewing Company
2769;Minhas Craft Brewery
2770;Berkshire Brewing Company Inc.
2771;10 Barrel Brewing Co.
2772;DuClaw Brewing Company
2773;FiftyFifty Brewing Co.
2774;Keegan Ales
2775;Bières de Chimay S.A.
2776;Brasserie de Rochefort
2777;Unibroue
2778;Dogfish Head Brewery
2779;Brouwerij Van Steenberge N.V.
2780;Tröegs Brewing Company
2781;North Coast Brewing Co.
2782;Brouwerij Huyghe
2783;Allagash Brewing Company
2784;Brouwerij Huyghe
2785;Avery Brewing Company
2786;Dogfish Head Brewery
2787;21st Amendment Brewery
2788;Brooklyn Brewery
2789;Brasserie d'Achouffe
2790;Brouwerij Corsendonk
2791;Russian River Brewing Company
2792;Brasserie d'Achouffe
2793;Unibroue
2794;Brouwerij De Dolle Brouwers
2795;Jolly Pumpkin Artisan Ales
2796;AleSmith Brewing Company
2797;The Lost Abbey
2798;Brasserie Caracole
2799;Brouwerij Het Anker
2800;Brouwerij Het Anker
2801;Brasserie de l'Abbaye des Rocs s.a.
2802;Kiuchi Brewery
2803;Allagash Brewing Company
2804;Brouwerij De Smedt / Brouwerij Affligem
2805;Brasserie de l'Abbaye des Rocs s.a.
2806;Brouwerij der St. Benedictusabdij de Achelse
2807;Brasserie de l'Abbaye des Rocs s.a.
2808;Green Flash Brewing Co.
2809;Brouwerij Het Anker
2810;Brasserie St. Feuillien
2811;Brouwerij Van Steenberge N.V.
2812;Brasserie Dupont sprl
2813;Abbaye de Leffe S.A.
2814;Midnight Sun Brewing Co.
2815;Captain Lawrence Brewing Co.
2816;Brouwerij Duvel Moortgat NV
2817;Brouwerij Huyghe
2818;Goose Island Beer Co.
2819;Russian River Brewing Company
2820;North Coast Brewing Co.
2821;Brasserie d'Achouffe
2822;Brouwerij Van Steenberge N.V.
2823;Brooklyn Brewery
2824;The Bruery
2825;Brouwerij Bosteels
2826;Brewery Ommegang
2827;Brouwerij De Dolle Brouwers
2828;AleSmith Brewing Company
2829;Allagash Brewing Company
2830;New England Brewing Co.
2831;Bierbrouwerij De Koningshoeven B.V.
2832;The Lost Abbey
2833;Kiuchi Brewery
2834;Dogfish Head Brewery
2835;Great Divide Brewing Company
2836;Brouwerij De Dolle Brouwers
2837;De Proefbrouwerij (bvba Andelot)
2838;Flying Fish Brewing Company
2839;Brasserie Dupont sprl
2840;Brouwerij Het Anker
2841;Brouwerij De Dolle Brouwers
2842;Allagash Brewing Company
2843;Allagash Brewing Company
2844;North Coast Brewing Co.
2845;Brasserie Grain d' Orge (Brasserie Jeanne d'Arc SA)
2846;Mikkeller ApS
2847;Brouwerij De Landtsheer NV
2848;Brasserie Lefèbvre SA
2849;Nebraska Brewing Company
2850;Brouwerij Huyghe
2851;Southampton Publick House
2852;Brouwerij van Hoegaarden
2853;Three Floyds Brewing Co. & Brewpub
2854;Brasserie St. Feuillien
2855;Unibroue
2856;Alltech’s Lexington Brewing and Distilling Co.
2857;Dogfish Head Brewery
2858;Fuller Smith & Turner PLC
2859;Samuel Smith Old Brewery (Tadcaster)
2860;Lake Placid Craft Brewing Company
2861;D.L. Geary Brewing Company
2862;Wychwood Brewery Company Ltd
2863;Adnams plc, Sole Bay Brewery
2864;Coopers Brewery Limited
2865;Greene King / Morland Brewery
2866;Black Sheep Brewery PLC
2867;Ridgeway Brewing
2868;Greene King / Morland Brewery
2869;Ridgeway Brewing
2870;J.W. Lees & Co (Brewers) Ltd
2871;Maritime Pacific Brewing Company
2872;Thornbridge Brewery
2873;J.W. Lees & Co (Brewers) Ltd
2874;Ridgeway Brewing
2875;Cooperstown Brewing Company
2876;Middle Ages Brewing Co., Ltd.
2877;Hook Norton Brewery Co. Ltd.
2878;The Porterhouse Brewing Company
2879;Element Brewing Company
2880;W.H. Brakspear & Sons plc
2881;Daleside Brewery
2882;Daleside Brewery
2883;Otro Mundo Brewing Company
2884;Granite Brewery & Restaurant
2885;Tullibardine Distillery
2886;Otter Brewery Ltd
2887;Lord Nelson Brewery Hotel
2888;St. Peter's Brewery Co Ltd
2889;York Brewery Company Limited
2890;Daleside Brewery
2891;Unibroue
2892;Victory Brewing Company
2893;Brouwerij Westmalle
2894;Bières de Chimay S.A.
2895;Brouwerij Bosteels
2896;Brouwerij St. Bernardus NV
2897;New Belgium Brewing
2898;Unibroue
2899;Allagash Brewing Company
2900;Weyerbacher Brewing Co.
2901;Brouwerij Duvel Moortgat NV
2902;The Bruery
2903;Bierbrouwerij De Koningshoeven B.V.
2904;Boston Beer Company (Samuel Adams)
2905;Brouwerij Corsendonk
2906;Brouwerij Het Anker
2907;Brouwerij De Dolle Brouwers
2908;Dark Horse Brewing Company
2909;Real Ale Brewing Company
2910;Brouwerij der St. Benedictusabdij de Achelse
2911;Brouwerij De Smedt / Brouwerij Affligem
2912;Anderson Valley Brewing Company
2913;Brouwerij Van Steenberge N.V.
2914;River Horse Brewing Co.
2915;Captain Lawrence Brewing Co.
2916;Brasserie St. Feuillien
2917;Dragonmead Microbrewery
2918;Brouwerij Straffe Hendrik / Huisbrouwerij De Halve Maan
2919;Brouwerij St. Bernardus NV
2920;Green Flash Brewing Co.
2921;Russian River Brewing Company
2922;Brasserie de l'Abbaye du Val-Dieu
2923;Brouwerij Van Steenberge N.V.
2924;Brouwerij Van Honsebrouck N.V.
2925;Unibroue
2926;Sprecher Brewing Company
2927;Brouwerij Van Steenberge N.V.
2928;Peak Organic Brewing Company
2929;Berkshire Brewing Company Inc.
2930;No Label Brewing Company
2931;Thunderhead Brewing Company
2932;Piney River Brewing Company
2933;Greenbush Brewing Company
2934;Wild Rose Brewery & Taproom
2935;Barley Brown's Brewpub
2936;Weston Brewing Company & O'Malley's Pub
2937;Brasserie Britt de Bretagne
2938;Schmohz Brewing Company
2939;Franconia Brewing Company
2940;Freetail Brewing Company
2941;Jamieson Brewery
2942;Middle Ages Brewing Co., Ltd.
2943;Iron Hill Brewery & Restaurant
2944;Flat Branch Pub & Brewery
2945;The Merchant Ale House Restaurant & Brewpub
2946;Three Floyds Brewing Co. & Brewpub
2947;Boston Beer Company (Samuel Adams)
2948;Goose Island Beer Co.
2949;Boulevard Brewing Co.
2950;Magic Hat Brewing Company
2951;Harpoon Brewery
2952;Southern Tier Brewing Company
2953;Jacob Leinenkugel Brewing Company
2954;Anchor Brewing Company
2955;Coors Brewing Company
2956;Boston Beer Company (Samuel Adams)
2957;Kona Brewing Co.
2958;Big Sky Brewing Company
2959;Boulder Beer / Wilderness Pub
2960;Breckenridge Brewery
2961;North Coast Brewing Co.
2962;Shipyard Brewing Co.
2963;Odell Brewing Company
2964;Arcadia Brewing Company
2965;Maui Brewing Co.
2966;Atwater Block Brewery
2967;Firestone Walker Brewing Co.
2968;Tommyknocker Brewery
2969;Coors Brewing Company
2970;Ithaca Beer Company
2971;Matt Brewing Company
2972;Peak Organic Brewing Company
2973;Matt Brewing Company
2974;Captain Lawrence Brewing Co.
2975;DuClaw Brewing Company
2976;Alpine Beer Company
2977;Parish Brewing Company
2978;Bayerische Staatsbrauerei Weihenstephan
2979;Spoetzl Brewery
2980;Spaten-Franziskaner-Bräu
2981;Erdinger Weissbräu
2982;Boston Beer Company (Samuel Adams)
2983;Hacker-Pschorr Bräu GmbH
2984;Würzburger Hofbräu AG
2985;Paulaner Brauerei GmbH & Co. KG
2986;Klosterbrauerei Andechs
2987;Anheuser-Busch
2988;Brauerei Tucher Brau
2989;Kulmbacher Brauerei AG
2990;Urban Chestnut Brewing Company
2991;Hofbräuhaus München
2992;Scuttlebutt Brewing Company
2993;Private Landbrauerei Scheuerer
2994;Fish Brewing Company / Fishbowl Brewpub
2995;Bayern Brewing, Inc.
2996;Brauerei Gebrüder Maisel GmbH & Co.
2997;Spoetzl Brewery
2998;Kaltenberg International / König Ludwig International GmbH & Co.KG
2999;High Point Brewing Company
3000;Klosterbrauerei Weltenburg
3001;Weissbierbrauerei Hopf
3002;Binding-Brauerei AG
3003;Gordon Biersch Brewery Restaurant
3004;Piece Brewery & Pizzeria
3005;Texelse Bierbrouwerij
3006;Klosterbrauerei Ettal / Ettaler Klosterbetriebe GmbH
3007;Unertl Weissbier GmbH
3008;Sprecher Brewing Company
3009;Portsmouth Brewery
3010;Fürstlich Fürstenbergische Brauerei KG
3011;Der HirschBrau/Privatbrauerei Höss
3012;Birrificio Italiano
3013;Aktien-Brauerei Kaufbeuren AG
3014;Portsmouth Brewery
3015;Bayerische Staatsbrauerei Weihenstephan
3016;Spaten-Franziskaner-Bräu
3017;Paulaner Brauerei GmbH & Co. KG
3018;Widmer Brothers Brewing Company
3019;Erdinger Weissbräu
3020;Tröegs Brewing Company
3021;Weisses Bräuhaus G. Schneider & Sohn GmbH
3022;Hacker-Pschorr Bräu GmbH
3023;Live Oak Brewing Company
3024;Flying Dog Brewery
3025;New Glarus Brewing Company
3026;Hofbräuhaus München
3027;Weisses Bräuhaus G. Schneider & Sohn GmbH
3028;Spoetzl Brewery
3029;Kaltenberg International / König Ludwig International GmbH & Co.KG
3030;Binding-Brauerei AG
3031;Pyramid Breweries, Inc.
3032;Boston Beer Company (Samuel Adams)
3033;Two Brothers Brewing Company
3034;Würzburger Hofbräu AG
3035;Erdinger Weissbräu
3036;Brauerei Tucher Brau
3037;Kulmbacher Brauerei AG
3038;Binding-Brauerei AG
3039;Lonerider Brewing
3040;Brauerei Gebrüder Maisel GmbH & Co.
3041;Yazoo Brewing Company
3042;Starr Hill Brewery
3043;Karbach Brewing Co.
3044;Victory Brewing Company
3045;Trader Joe's Brewing Company
3046;Brauerei Pinkus Mueller
3047;SweetWater Brewing Company
3048;Gordon Biersch Brewery Restaurant
3049;Butternuts Beer & Ale
3050;Brooklyn Brewery
3051;Pennsylvania Brewing Company
3052;Three Floyds Brewing Co. & Brewpub
3053;Klosterbrauerei Ettal / Ettaler Klosterbetriebe GmbH
3054;Baltika Breweries
3055;Weisses Bräuhaus G. Schneider & Sohn GmbH
3056;Sly Fox Brewing Company
3057;Bayerische Staatsbrauerei Weihenstephan
3058;Jacob Leinenkugel Brewing Company
3059;New Glarus Brewing Company
3060;Erdinger Weissbräu
3061;Brauerei Tucher Brau
3062;Sierra Nevada Brewing Co.
3063;Spaten-Franziskaner-Bräu
3064;Paulaner Brauerei GmbH & Co. KG
3065;Binding-Brauerei AG
3066;Weisses Bräuhaus G. Schneider & Sohn GmbH
3067;Brauerei Gebrüder Maisel GmbH & Co.
3068;Bayern Brewing, Inc.
3069;Cervecería Cuauhtémoc Moctezuma, S.A. de C.V.
3070;Hacker-Pschorr Bräu GmbH
3071;Black Raven Brewing Co.
3072;Franconia Brewing Company
3073;Cascade Brewery Company Ltd.
3074;Dinkelacker-Schwabenbraeu AG
3075;Privatbrauerei Bischoff
3076;Portneuf Valley Brewing
3077;Triumph Brewing Company
3078;Kulmbacher Brauerei AG
3079;Würzburger Hofbräu AG
3080;Ankerbräu Nördlingen
3081;Propeller Brewery
3082;English Ales Brewery
3083;The Bruery
3084;New Holland Brewing Company
3085;Short's Brewing Company
3086;Terrapin Beer Company
3087;Jackie O's Pub & Brewery
3088;Marin Brewing Company
3089;Portsmouth Brewery
3090;DuClaw Brewing Company
3091;Perennial Artisan Ales
3092;Element Brewing Company
3093;Marshall Wharf Brewing Company / Three Tides Restaurant
3094;Big Time Brewery & Alehouse
3095;Baird Brewing Company / Fishmarket Taproom
3096;Fitger's Brewhouse
3097;The Livery
3098;Coors Brewing Company
3099;Allagash Brewing Company
3100;Brouwerij van Hoegaarden
3101;Anheuser-Busch
3102;Dogfish Head Brewery
3103;Avery Brewing Company
3104;Unibroue
3105;Brewery Ommegang
3106;Dogfish Head Brewery
3107;Cigar City Brewing
3108;Kiuchi Brewery
3109;Boston Beer Company (Samuel Adams)
3110;Harpoon Brewery
3111;Boston Beer Company (Samuel Adams)
3112;Boston Beer Company (Samuel Adams)
3113;Clown Shoes
3114;Southampton Publick House
3115;Dogfish Head Brewery
3116;Great Lakes Brewing Company
3117;Brasserie Lefèbvre SA
3118;Jolly Pumpkin Artisan Ales
3119;Westbrook Brewing Co.
3120;New Belgium Brewing
3121;Victory Brewing Company
3122;Lost Coast Brewery and Cafe
3123;Alaskan Brewing Co.
3124;Cisco Brewers Inc.
3125;Ballast Point Brewing Company
3126;Boulevard Brewing Co.
3127;Brasseries Kronenbourg
3128;Coronado Brewing Company
3129;Boulevard Brewing Co.
3130;Damm S. A.
3131;Rogue Ales
3132;Brasserie Du Bocq
3133;Upland Brewing Company
3134;Russian River Brewing Company
3135;Russian River Brewing Company
3136;Russian River Brewing Company
3137;Russian River Brewing Company
3138;Cascade Brewing / Raccoon Lodge & Brewpub
3139;Cascade Brewing / Raccoon Lodge & Brewpub
3140;Goose Island Beer Co.
3141;The Lost Abbey
3142;The Lost Abbey
3143;The Lost Abbey
3144;Surly Brewing Company
3145;Russian River Brewing Company
3146;Weyerbacher Brewing Co.
3147;The Bruery
3148;Cascade Brewing / Raccoon Lodge & Brewpub
3149;Cascade Brewing / Raccoon Lodge & Brewpub
3150;Cascade Brewing / Raccoon Lodge & Brewpub
3151;Jester King Craft Brewery
3152;New Belgium Brewing
3153;Jolly Pumpkin Artisan Ales
3154;Odell Brewing Company
3155;Boston Beer Company (Samuel Adams)
3156;Cascade Brewing / Raccoon Lodge & Brewpub
3157;Boston Beer Company (Samuel Adams)
3158;Great Lakes Brewing Company
3159;Deschutes Brewery
3160;Samuel Smith Old Brewery (Tadcaster)
3161;Anderson Valley Brewing Company
3162;Southern Tier Brewing Company
3163;Harpoon Brewery
3164;21st Amendment Brewery
3165;Breckenridge Brewery
3166;Boulevard Brewing Co.
3167;Pyramid Breweries, Inc.
3168;Odell Brewing Company
3169;Flying Dog Brewery
3170;Dark Horse Brewing Company
3171;SweetWater Brewing Company
3172;Thirsty Dog Brewing Company
3173;Summit Brewing Company
3174;Widmer Brothers Brewing Company
3175;Elysian Brewing Company
3176;Shipyard Brewing Co.
3177;Boulder Beer / Wilderness Pub
3178;Big Sky Brewing Company
3179;Lost Coast Brewery and Cafe
3180;Rahr & Sons Brewing Company
3181;Sly Fox Brewing Company
3182;Hoppin' Frog Brewery
3183;Fat Heads Brewery & Saloon
3184;Wychwood Brewery Company Ltd
3185;Berkshire Brewing Company Inc.
3186;Rogue Ales
3187;Nøgne Ø - Det Kompromissløse Bryggeri A/S
3188;Granville Island Brewery
3189;Nøgne Ø - Det Kompromissløse Bryggeri A/S
3190;St. Peter's Brewery Co Ltd
3191;Rahr & Sons Brewing Company
3192;Cisco Brewers Inc.
3193;RJ Rockers Brewing Company
3194;Natty Greene's Pub & Brewing Co.
3195;Fish Brewing Company / Fishbowl Brewpub
3196;Hoppin' Frog Brewery
